Attrition,Age,Gender,MaritalStatus,Education,Department,JobRole,BusinessTravel,OverTime,DistanceFromHome,MonthlyIncome,PercentSalaryHike,StockOptionLevel,TotalWorkingYears,YearsAtCompany,EnvironmentSatisfaction,JobSatisfaction,WorkLifeBalance,PerformanceRating,YearsSinceLastPromotion
Yes,41,Female,Single,2,Sales,Sales Executive,Travel_Rarely,Yes,1,5993,11,0,8,6,2,4,1,3,0
No,49,Male,Married,1,Research & Development,Research Scientist,Travel_Frequently,No,8,5130,23,1,10,10,3,2,3,4,1
Yes,37,Male,Single,2,Research & Development,Laboratory Technician,Travel_Rarely,Yes,2,2090,15,0,7,0,4,3,3,3,0
No,33,Female,Married,4,Research & Development,Research Scientist,Travel_Frequently,Yes,3,2909,11,0,8,8,4,3,3,3,3
No,27,Male,Married,1,Research & Development,Laboratory Technician,Travel_Rarely,No,2,3468,12,1,6,2,1,2,3,3,2
No,32,Male,Single,2,Research & Development,Laboratory Technician,Travel_Frequently,No,2,3068,13,0,8,7,4,4,2,3,3
No,59,Female,Married,3,Research & Development,Laboratory Technician,Travel_Rarely,Yes,3,2670,20,3,12,1,3,1,2,4,0
No,30,Male,Divorced,1,Research & Development,Laboratory Technician,Travel_Rarely,No,24,2693,22,1,1,1,4,3,3,4,0
No,38,Male,Single,3,Research & Development,Manufacturing Director,Travel_Frequently,No,23,9526,21,0,10,9,4,3,3,4,1
No,36,Male,Married,3,Research & Development,Healthcare Representative,Travel_Rarely,No,27,5237,13,2,17,7,3,3,2,3,7
No,35,Male,Married,3,Research & Development,Laboratory Technician,Travel_Rarely,No,16,2426,13,1,6,5,1,2,3,3,0
No,29,Female,Single,2,Research & Development,Laboratory Technician,Travel_Rarely,Yes,15,4193,12,0,10,9,4,3,3,3,0
No,31,Male,Divorced,1,Research & Development,Research Scientist,Travel_Rarely,No,26,2911,17,1,5,5,1,3,2,3,4
No,34,Male,Divorced,2,Research & Development,Laboratory Technician,Travel_Rarely,No,19,2661,11,1,3,2,2,4,3,3,1
Yes,28,Male,Single,3,Research & Development,Laboratory Technician,Travel_Rarely,Yes,24,2028,14,0,6,4,3,3,3,3,0
No,29,Female,Divorced,4,Research & Development,Manufacturing Director,Travel_Rarely,No,21,9980,11,1,10,10,2,1,3,3,8
No,32,Male,Divorced,2,Research & Development,Research Scientist,Travel_Rarely,Yes,5,3298,12,2,7,6,1,2,2,3,0
No,22,Male,Divorced,2,Research & Development,Laboratory Technician,Non-Travel,Yes,16,2935,13,2,1,1,4,4,2,3,0
No,53,Female,Married,4,Sales,Manager,Travel_Rarely,No,2,15427,16,0,31,25,1,4,3,3,3
No,38,Male,Single,3,Research & Development,Research Scientist,Travel_Rarely,Yes,2,3944,11,0,6,3,4,4,3,3,1
No,24,Female,Divorced,2,Research & Development,Manufacturing Director,Non-Travel,No,11,4011,18,1,5,4,1,3,2,3,1
Yes,36,Male,Single,4,Sales,Sales Representative,Travel_Rarely,No,9,3407,23,0,10,5,3,1,3,4,0
No,34,Female,Single,4,Research & Development,Research Director,Travel_Rarely,No,7,11994,11,0,13,12,1,2,3,3,2
No,21,Male,Single,2,Research & Development,Research Scientist,Travel_Rarely,No,15,1232,14,0,0,0,3,4,3,3,0
Yes,34,Male,Single,1,Research & Development,Research Scientist,Travel_Rarely,No,6,2960,11,0,8,4,2,1,3,3,1
No,53,Female,Divorced,3,Research & Development,Manager,Travel_Rarely,No,5,19094,11,1,26,14,3,3,2,3,4
Yes,32,Female,Single,1,Research & Development,Research Scientist,Travel_Frequently,Yes,16,3919,22,0,10,10,2,1,3,4,6
No,42,Male,Married,4,Sales,Sales Executive,Travel_Rarely,No,8,6825,11,1,10,9,3,2,3,3,4
No,44,Female,Married,4,Research & Development,Healthcare Representative,Travel_Rarely,No,7,10248,14,1,24,22,1,4,3,3,5
No,46,Female,Single,4,Sales,Manager,Travel_Rarely,No,2,18947,12,0,22,2,2,1,2,3,2
No,33,Male,Single,3,Research & Development,Laboratory Technician,Travel_Rarely,No,2,2496,11,0,7,1,3,4,3,3,0
No,44,Male,Married,4,Research & Development,Healthcare Representative,Travel_Rarely,Yes,10,6465,13,0,9,4,4,4,4,3,1
No,30,Male,Single,2,Research & Development,Laboratory Technician,Travel_Rarely,No,9,2206,13,0,10,10,4,3,3,3,1
Yes,39,Male,Married,3,Sales,Sales Representative,Travel_Rarely,No,5,2086,14,1,19,1,4,4,4,3,0
Yes,24,Male,Married,3,Research & Development,Research Scientist,Travel_Rarely,Yes,1,2293,16,1,6,2,2,4,2,3,2
No,43,Female,Divorced,2,Research & Development,Research Scientist,Travel_Rarely,No,2,2645,12,2,6,5,4,3,2,3,1
Yes,50,Male,Married,2,Sales,Sales Representative,Travel_Rarely,Yes,3,2683,14,0,3,3,1,3,3,3,0
No,35,Female,Married,3,Sales,Sales Representative,Travel_Rarely,No,2,2014,13,0,2,2,4,4,3,3,2
No,36,Female,Married,4,Research & Development,Research Scientist,Travel_Rarely,Yes,5,3419,14,1,6,1,2,1,4,3,0
No,33,Female,Married,3,Sales,Sales Executive,Travel_Frequently,No,1,5376,19,2,10,5,3,1,3,3,1
No,35,Male,Divorced,2,Research & Development,Laboratory Technician,Travel_Rarely,No,4,1951,12,1,1,1,3,4,3,3,0
No,27,Female,Divorced,4,Research & Development,Laboratory Technician,Travel_Rarely,No,2,2341,13,1,1,1,4,1,3,3,0
Yes,26,Male,Single,3,Research & Development,Laboratory Technician,Travel_Rarely,No,25,2293,12,0,1,1,1,3,2,3,0
No,27,Male,Single,3,Sales,Sales Executive,Travel_Frequently,No,8,8726,15,0,9,9,4,3,3,3,1
No,30,Female,Single,2,Research & Development,Laboratory Technician,Travel_Frequently,No,1,4011,23,0,12,12,3,4,3,4,3
Yes,41,Female,Married,3,Research & Development,Research Director,Travel_Rarely,No,12,19545,12,0,23,22,2,3,3,3,15
No,34,Male,Single,4,Sales,Sales Executive,Non-Travel,No,23,4568,20,0,10,9,2,3,3,4,8
No,37,Male,Married,2,Research & Development,Research Scientist,Travel_Rarely,No,19,3022,21,0,8,1,2,2,3,4,0
No,46,Male,Single,4,Sales,Sales Executive,Travel_Frequently,Yes,5,5772,21,0,14,9,1,4,3,4,0
No,35,Male,Married,1,Research & Development,Laboratory Technician,Travel_Rarely,No,8,2269,19,0,1,1,4,4,3,3,0
Yes,48,Male,Single,2,Research & Development,Laboratory Technician,Travel_Rarely,Yes,1,5381,13,0,23,1,1,3,3,3,0
Yes,28,Male,Single,4,Research & Development,Laboratory Technician,Travel_Rarely,Yes,5,3441,13,0,2,2,3,3,2,3,2
No,44,Female,Divorced,5,Sales,Sales Executive,Travel_Rarely,Yes,1,5454,21,1,9,4,2,1,2,4,1
No,35,Male,Married,2,Research & Development,Healthcare Representative,Non-Travel,Yes,11,9884,13,1,10,4,3,1,3,3,2
No,26,Female,Married,3,Sales,Sales Executive,Travel_Rarely,Yes,23,4157,19,1,5,2,3,4,2,3,0
No,33,Female,Single,2,Research & Development,Research Director,Travel_Frequently,Yes,1,13458,12,0,15,15,1,4,3,3,8
No,35,Male,Married,5,Sales,Sales Executive,Travel_Frequently,No,18,9069,22,1,9,9,2,1,2,4,1
No,35,Female,Married,4,Research & Development,Laboratory Technician,Travel_Rarely,Yes,23,4014,15,1,4,2,3,1,3,3,2
No,31,Male,Divorced,4,Research & Development,Laboratory Technician,Travel_Rarely,No,7,5915,22,1,10,7,4,4,2,4,1
No,37,Male,Divorced,4,Research & Development,Manufacturing Director,Travel_Rarely,No,1,5993,18,1,7,7,1,3,4,3,0
No,32,Male,Married,3,Research & Development,Manufacturing Director,Travel_Rarely,Yes,1,6162,22,1,9,9,1,4,3,4,7
No,38,Female,Single,5,Research & Development,Laboratory Technician,Travel_Frequently,No,29,2406,11,0,10,10,4,4,3,3,9
No,50,Female,Divorced,2,Research & Development,Research Director,Travel_Rarely,Yes,7,18740,12,1,29,27,2,3,2,3,13
No,59,Female,Single,3,Sales,Sales Executive,Travel_Rarely,No,25,7637,11,0,28,21,1,1,2,3,7
No,36,Female,Divorced,3,Research & Development,Healthcare Representative,Travel_Rarely,No,8,10096,13,3,17,17,3,3,3,3,12
No,55,Female,Divorced,3,Research & Development,Manager,Travel_Rarely,Yes,8,14756,14,3,21,5,4,3,3,3,0
No,36,Male,Single,3,Research & Development,Manufacturing Director,Travel_Frequently,No,11,6499,13,0,6,6,2,2,3,3,0
No,45,Male,Divorced,3,Research & Development,Research Scientist,Travel_Rarely,No,7,9724,17,1,25,1,2,1,3,3,0
No,35,Male,Married,3,Research & Development,Research Scientist,Travel_Frequently,No,1,2194,13,1,5,3,2,1,2,3,1
Yes,36,Male,Married,3,Research & Development,Research Scientist,Travel_Rarely,Yes,9,3388,17,1,2,1,4,3,2,3,0
No,59,Female,Single,1,Sales,Sales Executive,Travel_Frequently,No,1,5473,11,0,20,4,1,3,2,3,1
No,29,Male,Married,3,Research & Development,Research Scientist,Travel_Rarely,No,2,2703,23,1,6,5,3,2,3,4,0
No,31,Male,Single,4,Research & Development,Research Scientist,Travel_Rarely,No,1,2501,17,0,1,1,3,2,3,3,1
No,32,Male,Married,3,Research & Development,Research Scientist,Travel_Rarely,No,1,6220,17,2,10,10,2,2,3,3,0
No,36,Female,Married,3,Research & Development,Laboratory Technician,Travel_Rarely,No,6,3038,12,0,5,1,2,4,3,3,0
No,31,Female,Single,4,Research & Development,Manufacturing Director,Travel_Rarely,No,8,4424,23,0,11,11,3,4,3,4,1
No,35,Male,Single,4,Sales,Sales Executive,Travel_Rarely,No,1,4312,14,0,16,15,3,1,3,3,2
No,45,Male,Married,4,Research & Development,Research Director,Travel_Rarely,Yes,6,13245,14,0,17,0,4,1,4,3,0
No,37,Male,Single,4,Research & Development,Research Director,Travel_Rarely,No,7,13664,13,0,16,5,1,3,4,3,0
No,46,Male,Divorced,2,Human Resources,Human Resources,Travel_Rarely,Yes,5,5021,22,1,16,4,2,2,3,4,0
No,30,Male,Married,1,Research & Development,Laboratory Technician,Travel_Rarely,Yes,1,5126,12,2,10,10,4,4,2,3,3
No,35,Male,Single,3,Research & Development,Research Scientist,Travel_Rarely,No,1,2859,18,0,6,6,2,3,3,3,0
No,55,Male,Married,2,Sales,Sales Executive,Travel_Rarely,No,1,10239,14,1,24,1,1,4,3,3,1
No,38,Female,Divorced,3,Research & Development,Research Scientist,Non-Travel,Yes,6,5329,12,3,17,13,2,4,3,3,1
No,34,Male,Married,2,Research & Development,Manufacturing Director,Travel_Rarely,No,1,4325,15,0,5,5,1,2,3,3,1
No,56,Male,Single,3,Research & Development,Manufacturing Director,Travel_Rarely,No,7,7260,11,0,37,6,4,4,2,3,0
No,23,Male,Divorced,1,Sales,Sales Representative,Travel_Rarely,No,2,2322,13,1,3,0,3,1,3,3,0
No,51,Male,Married,4,Research & Development,Laboratory Technician,Travel_Rarely,No,9,2075,23,2,10,4,4,4,3,4,0
No,30,Male,Married,3,Research & Development,Healthcare Representative,Travel_Rarely,No,2,4152,19,3,11,11,3,4,3,3,10
Yes,46,Male,Single,2,Sales,Sales Executive,Travel_Rarely,No,9,9619,16,0,9,9,3,4,3,3,4
No,40,Male,Married,4,Research & Development,Healthcare Representative,Travel_Frequently,No,1,13503,22,1,22,22,3,2,2,4,11
No,51,Male,Single,4,Sales,Sales Executive,Travel_Rarely,Yes,21,5441,22,0,11,10,3,4,1,4,1
No,30,Female,Divorced,2,Sales,Sales Executive,Travel_Rarely,Yes,4,5209,12,3,11,11,3,2,2,3,2
No,46,Male,Married,3,Research & Development,Healthcare Representative,Travel_Frequently,Yes,1,10673,13,1,21,10,3,1,2,3,9
No,32,Male,Single,4,Sales,Sales Executive,Travel_Rarely,No,6,5010,16,0,12,11,2,3,3,3,5
No,54,Female,Married,4,Research & Development,Research Director,Travel_Rarely,No,2,13549,12,1,16,4,1,3,1,3,0
No,24,Female,Married,2,Sales,Sales Executive,Travel_Rarely,No,3,4999,21,1,4,3,1,3,2,4,0
No,28,Male,Married,3,Sales,Sales Executive,Non-Travel,No,4,4221,15,0,5,5,2,3,4,3,0
No,58,Male,Single,4,Sales,Sales Executive,Travel_Rarely,No,10,13872,13,0,38,37,4,3,2,3,1
No,44,Male,Married,3,Research & Development,Laboratory Technician,Non-Travel,No,23,2042,12,1,17,3,2,2,4,3,1
Yes,37,Male,Divorced,4,Human Resources,Human Resources,Travel_Rarely,Yes,6,2073,22,0,7,3,3,1,3,4,0
No,32,Male,Single,1,Research & Development,Research Scientist,Travel_Rarely,No,1,2956,13,0,1,1,4,1,3,3,0
Yes,20,Female,Single,3,Research & Development,Laboratory Technician,Travel_Frequently,Yes,6,2926,18,0,1,1,4,4,3,3,1
No,34,Female,Single,4,Research & Development,Research Scientist,Travel_Rarely,No,6,4809,14,0,16,16,1,3,3,3,2
No,37,Male,Divorced,2,Research & Development,Healthcare Representative,Non-Travel,No,2,5163,14,1,17,1,3,4,4,3,0
No,59,Female,Married,4,Human Resources,Manager,Non-Travel,No,2,18844,21,1,30,3,3,4,3,4,2
No,50,Female,Married,3,Research & Development,Research Director,Travel_Frequently,Yes,1,18172,19,0,28,8,1,2,2,3,0
Yes,25,Male,Single,3,Sales,Sales Executive,Travel_Rarely,Yes,5,5744,11,0,6,6,3,3,3,3,0
No,25,Male,Married,1,Research & Development,Research Scientist,Travel_Rarely,No,7,2889,11,2,2,2,4,4,3,3,2
No,22,Female,Single,3,Research & Development,Laboratory Technician,Travel_Rarely,No,15,2871,15,0,1,0,2,4,3,3,0
No,51,Female,Single,4,Research & Development,Healthcare Representative,Travel_Frequently,No,1,7484,20,0,23,13,1,1,2,4,12
Yes,34,Male,Single,3,Research & Development,Laboratory Technician,Travel_Frequently,Yes,7,6074,24,0,9,9,1,3,3,4,0
No,54,Female,Single,3,Human Resources,Manager,Non-Travel,Yes,26,17328,12,0,23,5,4,4,3,3,4
No,24,Male,Married,1,Research & Development,Laboratory Technician,Travel_Rarely,No,18,2774,12,1,6,5,2,3,3,3,1
No,34,Female,Divorced,4,Research & Development,Research Scientist,Travel_Rarely,No,6,4505,15,1,12,1,3,2,3,3,0
No,37,Male,Single,3,Sales,Sales Executive,Travel_Rarely,No,3,7428,12,0,12,5,3,4,3,3,1
No,34,Female,Single,3,Research & Development,Manager,Travel_Rarely,No,5,11631,12,0,14,11,3,1,3,3,5
No,36,Female,Married,2,Sales,Sales Executive,Travel_Frequently,No,11,9738,14,1,10,9,2,4,3,3,2
No,36,Female,Divorced,2,Research & Development,Laboratory Technician,Travel_Rarely,No,3,2835,22,1,7,1,1,4,3,4,0
No,43,Male,Married,2,Sales,Manager,Travel_Frequently,Yes,26,16959,12,2,25,25,3,4,4,3,4
No,30,Male,Divorced,3,Research & Development,Research Scientist,Travel_Frequently,No,23,2613,25,3,10,10,1,3,2,4,0
No,33,Male,Married,2,Sales,Sales Executive,Non-Travel,No,22,6146,13,1,8,7,3,2,4,3,0
Yes,56,Female,Married,4,Research & Development,Research Scientist,Travel_Rarely,Yes,14,4963,18,3,7,5,2,2,3,3,4
No,51,Male,Single,3,Research & Development,Research Director,Travel_Rarely,No,6,19537,13,0,23,20,1,3,3,3,15
Yes,31,Male,Married,4,Sales,Sales Executive,Travel_Rarely,Yes,6,6172,18,0,12,7,2,3,2,3,7
No,26,Female,Married,3,Research & Development,Research Scientist,Travel_Rarely,No,6,2368,19,0,5,5,3,2,2,3,4
Yes,58,Female,Married,4,Research & Development,Healthcare Representative,Travel_Rarely,No,23,10312,12,1,40,40,4,4,2,3,15
Yes,19,Male,Single,1,Sales,Sales Representative,Travel_Rarely,Yes,22,1675,19,0,0,0,4,3,2,3,0
No,22,Male,Married,1,Research & Development,Laboratory Technician,Travel_Rarely,No,2,2523,14,1,3,2,3,4,3,3,2
No,49,Female,Married,4,Research & Development,Manufacturing Director,Travel_Rarely,No,20,6567,14,0,16,15,3,1,2,3,5
No,43,Female,Single,3,Research & Development,Research Scientist,Travel_Frequently,No,28,4739,12,0,18,3,2,3,3,3,1
No,50,Female,Single,3,Sales,Sales Executive,Travel_Frequently,No,12,9208,11,0,16,2,3,4,3,3,2
Yes,31,Female,Married,3,Sales,Sales Executive,Travel_Rarely,Yes,20,4559,11,1,4,2,2,3,3,3,2
No,41,Male,Divorced,1,Sales,Sales Executive,Travel_Rarely,Yes,9,8189,13,1,12,9,3,3,3,3,0
No,26,Female,Married,1,Human Resources,Human Resources,Travel_Rarely,No,25,2942,23,1,8,8,3,3,3,4,5
No,36,Male,Divorced,2,Research & Development,Manufacturing Director,Travel_Rarely,No,6,4941,20,2,7,3,2,2,3,4,0
Yes,51,Male,Single,4,Research & Development,Manufacturing Director,Travel_Frequently,No,8,10650,15,0,18,4,1,4,3,3,0
No,39,Female,Married,4,Sales,Sales Executive,Travel_Rarely,No,4,5902,14,1,17,15,4,3,4,3,5
No,25,Male,Married,3,Sales,Sales Executive,Travel_Rarely,No,28,8639,18,0,6,2,1,3,3,3,2
No,30,Male,Married,3,Human Resources,Human Resources,Travel_Rarely,Yes,9,6347,19,0,12,11,3,4,1,3,4
Yes,32,Female,Single,3,Research & Development,Laboratory Technician,Travel_Rarely,No,9,4200,22,0,10,5,1,1,4,4,0
No,45,Male,Single,3,Research & Development,Research Scientist,Travel_Rarely,No,29,3452,13,0,9,6,3,4,2,3,0
No,38,Female,Single,5,Research & Development,Research Scientist,Travel_Rarely,Yes,3,4317,20,0,19,3,4,3,3,4,2
No,30,Female,Single,3,Research & Development,Research Scientist,Travel_Rarely,No,18,2632,14,0,5,5,1,3,2,3,0
No,32,Male,Divorced,2,Sales,Sales Executive,Travel_Frequently,No,9,4668,17,3,9,8,4,4,4,3,0
No,30,Female,Divorced,3,Research & Development,Research Scientist,Travel_Rarely,No,5,3204,14,1,8,3,4,1,3,3,2
No,30,Male,Single,1,Research & Development,Laboratory Technician,Travel_Rarely,No,2,2720,13,0,6,5,2,4,3,3,1
No,41,Male,Divorced,3,Research & Development,Manager,Travel_Frequently,No,10,17181,13,1,21,7,4,1,2,3,7
No,41,Male,Married,4,Research & Development,Laboratory Technician,Travel_Rarely,No,9,2238,21,1,7,5,3,1,3,4,1
No,19,Female,Single,1,Research & Development,Laboratory Technician,Travel_Rarely,No,3,1483,14,0,1,1,2,2,3,3,0
No,40,Female,Divorced,3,Research & Development,Research Scientist,Travel_Frequently,No,26,5605,11,1,20,20,2,2,3,3,2
No,35,Male,Married,5,Sales,Sales Executive,Travel_Rarely,No,1,7295,13,2,10,10,3,2,3,3,0
No,53,Male,Married,2,Sales,Sales Representative,Travel_Rarely,Yes,6,2306,20,1,13,7,2,3,1,4,4
No,45,Male,Divorced,3,Research & Development,Laboratory Technician,Travel_Rarely,No,9,2348,18,1,20,17,2,2,1,3,0
No,32,Female,Single,3,Sales,Sales Executive,Travel_Frequently,No,8,8998,14,0,9,9,2,4,3,3,3
No,29,Male,Married,1,Research & Development,Manufacturing Director,Non-Travel,No,1,4319,13,1,10,10,4,3,3,3,0
No,51,Male,Married,4,Research & Development,Manufacturing Director,Travel_Rarely,No,7,6132,17,0,10,1,2,3,3,3,0
No,58,Female,Married,3,Research & Development,Research Scientist,Travel_Rarely,Yes,9,3346,20,1,9,1,2,2,2,4,0
No,40,Male,Married,4,Sales,Sales Executive,Travel_Rarely,No,4,10855,11,1,15,12,3,4,2,3,2
No,34,Female,Married,4,Sales,Sales Representative,Travel_Frequently,No,2,2231,18,1,6,4,3,3,3,3,1
No,22,Male,Married,1,Research & Development,Research Scientist,Travel_Rarely,No,19,2323,24,2,2,2,3,4,3,4,2
No,27,Male,Divorced,3,Research & Development,Research Scientist,Non-Travel,No,9,2024,18,1,6,2,4,2,1,3,2
No,28,Male,Married,3,Research & Development,Research Scientist,Travel_Rarely,No,21,2713,11,1,5,5,3,4,1,3,0
No,57,Male,Divorced,2,Research & Development,Healthcare Representative,Travel_Rarely,Yes,24,9439,16,1,12,5,3,4,1,3,1
No,27,Male,Divorced,3,Research & Development,Research Scientist,Non-Travel,Yes,3,2566,15,1,1,1,3,3,2,3,0
No,50,Female,Single,3,Research & Development,Manager,Travel_Rarely,No,11,19926,15,0,21,5,3,2,3,3,4
No,41,Male,Divorced,3,Research & Development,Research Scientist,Travel_Rarely,No,14,2451,12,1,13,9,1,3,3,3,1
No,30,Female,Married,3,Sales,Sales Executive,Travel_Rarely,No,5,9419,12,1,12,10,2,4,3,3,7
No,38,Female,Single,4,Sales,Sales Executive,Travel_Rarely,No,1,8686,22,0,12,8,1,4,4,4,0
No,32,Male,Single,5,Research & Development,Research Scientist,Travel_Rarely,No,6,3038,20,0,8,5,3,3,3,4,1
No,27,Male,Married,3,Research & Development,Research Scientist,Travel_Rarely,Yes,17,3058,16,1,6,5,3,2,2,3,1
Yes,19,Female,Single,1,Sales,Sales Representative,Travel_Frequently,No,1,2325,21,0,1,0,3,1,4,4,0
No,36,Male,Single,2,Research & Development,Laboratory Technician,Travel_Frequently,No,3,2088,12,0,13,8,4,2,2,3,7
No,30,Male,Divorced,3,Research & Development,Laboratory Technician,Non-Travel,No,9,3072,11,2,12,12,3,1,3,3,6
No,45,Female,Divorced,2,Sales,Sales Executive,Travel_Rarely,Yes,4,5006,11,1,9,5,3,1,4,3,0
No,56,Female,Divorced,3,Research & Development,Research Scientist,Travel_Rarely,Yes,8,4257,18,1,19,2,3,1,3,3,2
No,33,Male,Single,3,Research & Development,Research Scientist,Travel_Rarely,No,2,2500,14,0,4,3,3,4,4,3,0
Yes,19,Male,Single,3,Research & Development,Laboratory Technician,Travel_Rarely,No,2,1102,22,0,1,1,2,4,2,4,1
No,46,Female,Divorced,2,Sales,Sales Executive,Travel_Rarely,No,1,10453,25,3,24,24,2,1,3,4,15
No,38,Female,Single,2,Research & Development,Laboratory Technician,Travel_Rarely,No,9,2288,12,0,2,2,3,4,3,3,2
No,31,Female,Married,1,Research & Development,Research Scientist,Travel_Rarely,Yes,12,3929,23,1,7,4,3,4,3,4,0
No,34,Female,Single,2,Research & Development,Research Scientist,Travel_Rarely,No,27,2311,15,0,9,3,4,2,3,3,1
Yes,41,Female,Single,2,Sales,Sales Representative,Travel_Rarely,Yes,20,3140,22,0,4,4,2,2,2,4,0
No,50,Male,Married,3,Research & Development,Laboratory Technician,Travel_Rarely,No,1,3690,15,1,5,3,3,3,2,3,0
No,53,Female,Divorced,2,Research & Development,Manufacturing Director,Travel_Rarely,No,13,4450,11,2,5,4,4,1,3,3,1
No,33,Female,Married,3,Research & Development,Research Scientist,Travel_Rarely,No,14,2756,13,1,8,8,4,2,3,3,1
No,40,Female,Married,1,Research & Development,Manager,Travel_Rarely,No,4,19033,14,1,21,20,4,3,3,3,9
No,55,Male,Single,4,Research & Development,Research Director,Travel_Rarely,No,14,18722,11,0,36,24,3,2,3,3,2
No,34,Male,Married,1,Research & Development,Manufacturing Director,Travel_Frequently,No,2,9547,17,0,10,10,4,3,2,3,1
No,51,Female,Single,3,Research & Development,Healthcare Representative,Travel_Rarely,No,3,13734,18,0,21,7,4,2,3,3,1
No,52,Male,Married,4,Research & Development,Manager,Travel_Rarely,No,1,19999,14,1,34,33,3,3,3,3,11
No,27,Female,Single,3,Research & Development,Research Scientist,Travel_Rarely,No,9,2279,16,0,7,7,4,2,2,3,0
Yes,35,Male,Married,2,Research & Development,Manufacturing Director,Travel_Rarely,Yes,23,5916,13,0,8,1,2,3,3,3,0
No,43,Male,Divorced,3,Research & Development,Research Scientist,Non-Travel,No,7,2089,14,3,7,5,4,4,4,3,2
No,45,Male,Married,2,Research & Development,Manager,Non-Travel,No,2,16792,23,1,22,20,1,4,3,4,11
No,37,Male,Married,3,Research & Development,Research Scientist,Travel_Rarely,Yes,21,3564,12,1,8,8,2,1,2,3,1
No,35,Female,Single,3,Research & Development,Laboratory Technician,Travel_Frequently,No,2,4425,11,0,10,6,2,2,3,3,1
No,42,Female,Divorced,2,Research & Development,Manufacturing Director,Non-Travel,No,21,5265,16,1,11,5,3,3,3,3,0
No,38,Male,Married,4,Research & Development,Manufacturing Director,Travel_Rarely,No,2,6553,14,0,14,1,4,3,3,3,0
No,38,Male,Married,3,Research & Development,Manufacturing Director,Travel_Rarely,No,29,6261,18,1,9,7,4,4,1,3,1
No,27,Male,Married,1,Research & Development,Manufacturing Director,Travel_Frequently,No,1,4298,19,1,6,2,3,1,3,3,2
No,49,Male,Divorced,4,Research & Development,Manufacturing Director,Non-Travel,Yes,18,6804,15,2,7,7,4,4,3,3,1
No,34,Male,Divorced,4,Research & Development,Research Scientist,Travel_Frequently,Yes,10,3815,17,1,5,5,4,3,4,3,2
No,40,Male,Married,2,Research & Development,Laboratory Technician,Travel_Rarely,Yes,19,2741,15,1,15,7,3,4,4,3,3
Yes,38,Male,Married,1,Research & Development,Healthcare Representative,Travel_Rarely,Yes,29,6673,19,0,17,1,2,1,3,3,0
Yes,29,Female,Married,3,Sales,Sales Executive,Travel_Rarely,No,27,7639,22,3,10,10,2,4,2,4,1
No,22,Male,Divorced,3,Research & Development,Research Scientist,Travel_Rarely,Yes,5,2328,16,1,4,4,4,2,2,3,2
No,36,Female,Single,1,Research & Development,Laboratory Technician,Travel_Frequently,No,18,2153,13,0,8,8,2,4,3,3,1
No,40,Male,Married,5,Research & Development,Healthcare Representative,Non-Travel,No,9,4876,14,1,5,3,4,4,1,3,0
No,46,Male,Divorced,4,Research & Development,Healthcare Representative,Travel_Rarely,No,1,9396,16,1,17,4,4,1,3,3,0
Yes,32,Male,Married,4,Sales,Sales Executive,Travel_Rarely,No,4,10400,11,0,14,14,4,4,2,3,9
No,30,Male,Single,1,Research & Development,Manufacturing Director,Non-Travel,No,1,8474,22,0,12,11,3,3,3,4,5
No,27,Female,Single,3,Sales,Sales Executive,Travel_Frequently,No,20,9981,14,0,7,7,4,3,3,3,0
No,51,Male,Married,4,Research & Development,Research Director,Travel_Rarely,No,8,12490,16,2,16,10,2,2,1,3,4
Yes,30,Female,Single,3,Research & Development,Research Scientist,Travel_Rarely,Yes,3,2657,11,0,8,5,4,1,3,3,0
No,41,Female,Single,3,Sales,Manager,Travel_Rarely,Yes,6,13591,18,0,16,1,4,4,3,3,0
Yes,30,Female,Single,4,Sales,Sales Executive,Travel_Frequently,No,26,6696,15,0,9,6,3,1,2,3,0
Yes,29,Male,Single,3,Research & Development,Research Scientist,Travel_Rarely,No,1,2058,14,0,7,6,3,3,2,3,1
No,45,Female,Single,3,Sales,Sales Executive,Non-Travel,No,6,8865,12,0,23,19,4,4,3,3,12
No,54,Female,Married,3,Sales,Sales Executive,Travel_Rarely,No,3,5940,14,1,16,6,4,1,3,3,0
No,36,Male,Single,2,Research & Development,Laboratory Technician,Travel_Rarely,No,5,5914,16,0,16,13,4,2,4,3,3
No,33,Female,Married,4,Research & Development,Research Scientist,Travel_Rarely,No,4,2622,21,0,7,3,3,2,3,4,1
No,37,Male,Divorced,3,Research & Development,Research Director,Travel_Frequently,Yes,11,12185,14,3,10,10,2,4,3,3,0
No,38,Male,Divorced,3,Sales,Sales Executive,Travel_Rarely,No,3,10609,12,2,17,16,1,3,2,3,5
No,31,Male,Married,4,Research & Development,Manufacturing Director,Non-Travel,No,1,4345,12,1,6,5,3,3,3,3,1
No,59,Male,Married,3,Research & Development,Research Scientist,Travel_Rarely,No,3,2177,17,1,7,1,3,4,3,3,0
No,37,Male,Divorced,4,Sales,Sales Representative,Travel_Frequently,No,4,2793,17,1,13,9,1,4,3,3,5
No,29,Female,Married,1,Sales,Sales Executive,Travel_Frequently,No,1,7918,14,1,11,11,2,4,3,3,4
No,35,Female,Single,3,Sales,Sales Executive,Travel_Frequently,No,1,8789,14,0,10,10,3,3,4,3,0
Yes,29,Male,Single,1,Research & Development,Research Scientist,Travel_Rarely,Yes,18,2389,13,0,4,4,3,4,2,3,0
No,52,Female,Single,3,Research & Development,Laboratory Technician,Travel_Rarely,No,2,3212,15,0,6,2,3,4,2,3,2
No,42,Male,Married,2,Research & Development,Manager,Travel_Rarely,No,4,19232,11,0,22,22,3,4,3,3,11
No,59,Male,Married,2,Human Resources,Human Resources,Travel_Rarely,No,6,2267,17,0,7,2,2,3,2,3,2
No,50,Female,Divorced,4,Sales,Manager,Travel_Rarely,No,1,19517,11,1,32,7,4,4,2,3,0
Yes,33,Male,Married,3,Research & Development,Laboratory Technician,Travel_Rarely,Yes,14,2436,13,1,8,5,3,4,1,3,0
No,43,Female,Married,3,Sales,Manager,Travel_Rarely,Yes,16,16064,22,1,22,17,4,4,3,4,1
Yes,33,Female,Married,2,Research & Development,Laboratory Technician,Travel_Rarely,No,2,2707,20,0,13,9,1,1,4,4,1
No,52,Male,Single,4,Sales,Manager,Non-Travel,Yes,2,19068,18,0,33,33,1,3,4,3,15
No,32,Female,Married,2,Sales,Sales Representative,Travel_Rarely,No,4,3931,11,1,6,4,3,2,3,3,1
Yes,32,Male,Single,3,Research & Development,Laboratory Technician,Travel_Rarely,Yes,1,3730,14,0,4,3,4,3,1,3,1
No,39,Female,Divorced,4,Research & Development,Laboratory Technician,Travel_Rarely,No,1,2232,14,3,7,3,3,3,3,3,1
No,32,Male,Married,4,Sales,Sales Executive,Non-Travel,No,26,4465,18,0,4,3,3,4,3,3,2
No,41,Male,Divorced,2,Research & Development,Research Scientist,Travel_Rarely,No,19,3072,16,2,17,1,3,1,2,3,0
No,40,Male,Divorced,2,Research & Development,Research Scientist,Travel_Rarely,No,24,3319,17,2,9,9,1,4,3,3,4
No,45,Male,Married,3,Research & Development,Manager,Travel_Rarely,No,1,19202,11,1,25,24,3,4,3,3,1
No,31,Male,Divorced,4,Research & Development,Research Director,Travel_Frequently,No,3,13675,12,1,9,2,2,3,3,3,2
No,33,Female,Married,4,Research & Development,Research Scientist,Travel_Rarely,No,5,2911,13,1,2,2,3,4,2,3,0
No,34,Male,Married,4,Research & Development,Manufacturing Director,Travel_Rarely,No,2,5957,13,1,13,11,4,1,3,3,5
No,37,Female,Married,2,Research & Development,Research Scientist,Travel_Rarely,No,1,3920,14,1,17,3,3,1,2,3,0
No,45,Male,Married,4,Research & Development,Manufacturing Director,Travel_Frequently,No,7,6434,17,1,9,3,1,3,3,3,0
Yes,37,Male,Divorced,3,Research & Development,Manufacturing Director,Travel_Frequently,No,10,10048,11,2,17,1,1,3,3,3,0
No,39,Female,Single,4,Research & Development,Healthcare Representative,Travel_Frequently,No,2,10938,25,0,20,19,3,3,3,4,11
No,29,Male,Single,3,Research & Development,Research Scientist,Travel_Rarely,No,15,2340,19,0,6,6,3,4,3,3,1
No,42,Female,Single,2,Research & Development,Research Scientist,Travel_Rarely,Yes,17,6545,13,0,10,3,4,1,3,3,0
No,29,Male,Divorced,2,Sales,Sales Executive,Travel_Rarely,No,20,6931,14,1,10,3,4,4,3,3,0
No,25,Female,Married,3,Research & Development,Manufacturing Director,Travel_Rarely,No,1,4898,12,2,5,4,1,3,3,3,1
No,42,Female,Divorced,3,Research & Development,Laboratory Technician,Travel_Rarely,Yes,2,2593,11,1,10,9,4,1,3,3,7
No,40,Male,Divorced,2,Research & Development,Research Director,Travel_Rarely,No,2,19436,19,1,22,21,1,3,3,3,3
No,51,Male,Married,3,Research & Development,Research Scientist,Travel_Rarely,No,1,2723,11,0,1,1,3,4,2,3,0
Yes,31,Male,Single,2,Research & Development,Laboratory Technician,Travel_Frequently,No,29,3479,11,0,6,5,3,2,4,3,1
No,32,Male,Married,3,Research & Development,Laboratory Technician,Travel_Frequently,No,7,2794,20,0,5,5,2,2,1,4,0
No,38,Male,Married,2,Sales,Sales Executive,Non-Travel,No,2,5249,18,1,13,8,4,4,3,3,7
No,32,Male,Single,1,Research & Development,Laboratory Technician,Travel_Rarely,No,2,2176,13,0,9,6,4,1,3,3,0
No,46,Female,Married,3,Sales,Manager,Travel_Rarely,Yes,2,16872,12,1,28,7,3,2,2,3,7
Yes,28,Male,Single,4,Research & Development,Laboratory Technician,Travel_Rarely,No,2,3485,11,0,5,0,1,3,1,3,0
No,29,Male,Married,3,Sales,Sales Executive,Travel_Rarely,No,2,6644,19,2,10,0,1,2,3,3,0
No,31,Male,Married,3,Research & Development,Healthcare Representative,Travel_Rarely,No,23,5582,21,1,10,9,2,4,3,4,7
No,25,Male,Divorced,2,Research & Development,Healthcare Representative,Non-Travel,No,5,4000,12,2,6,6,2,1,3,3,1
No,45,Male,Married,2,Research & Development,Healthcare Representative,Travel_Rarely,Yes,20,13496,14,0,21,20,3,4,3,3,4
No,36,Male,Married,3,Research & Development,Laboratory Technician,Travel_Rarely,No,6,3210,11,1,16,15,4,4,3,3,10
No,55,Male,Single,3,Research & Development,Manager,Travel_Rarely,Yes,1,19045,14,0,37,36,4,1,3,3,4
Yes,47,Male,Married,4,Research & Development,Manager,Non-Travel,Yes,29,11849,12,1,10,10,1,2,2,3,9
No,28,Male,Married,3,Research & Development,Research Scientist,Travel_Rarely,No,9,2070,23,1,5,5,4,4,2,4,0
No,37,Male,Married,4,Sales,Sales Executive,Travel_Rarely,No,6,6502,14,1,7,5,3,4,4,3,0
No,21,Male,Single,2,Research & Development,Research Scientist,Travel_Rarely,No,3,3230,17,0,3,3,4,3,4,3,1
No,37,Female,Divorced,4,Research & Development,Research Director,Non-Travel,Yes,1,13603,18,2,15,5,1,4,3,3,0
No,35,Female,Divorced,3,Research & Development,Manager,Travel_Rarely,No,22,11996,18,1,10,7,2,2,2,3,6
No,38,Female,Divorced,2,Sales,Sales Executive,Travel_Rarely,Yes,7,5605,24,1,8,8,1,1,3,4,7
No,26,Female,Divorced,3,Research & Development,Manufacturing Director,Travel_Frequently,No,1,6397,20,1,6,6,3,2,1,4,1
No,50,Male,Divorced,1,Research & Development,Research Director,Travel_Rarely,No,4,19144,14,2,28,10,1,2,2,3,1
No,53,Male,Married,4,Research & Development,Research Director,Travel_Rarely,Yes,3,17584,16,3,21,5,3,3,2,3,1
No,42,Male,Married,1,Sales,Sales Executive,Travel_Rarely,No,1,4907,25,0,20,20,2,3,3,4,11
No,29,Male,Single,2,Sales,Sales Executive,Travel_Frequently,No,2,4554,18,0,10,10,2,4,2,3,0
No,55,Male,Married,2,Research & Development,Laboratory Technician,Travel_Rarely,Yes,20,5415,19,1,12,10,2,4,3,3,0
No,26,Male,Married,2,Research & Development,Healthcare Representative,Travel_Frequently,Yes,11,4741,13,1,5,5,1,1,3,3,3
No,37,Female,Single,3,Research & Development,Research Scientist,Travel_Rarely,No,1,2115,12,0,17,17,4,4,3,3,5
Yes,44,Male,Divorced,3,Research & Development,Laboratory Technician,Travel_Frequently,Yes,24,3161,22,1,19,1,4,3,1,4,0
No,38,Male,Divorced,4,Research & Development,Healthcare Representative,Travel_Rarely,No,23,5745,14,1,10,2,4,4,3,3,1
Yes,26,Male,Divorced,4,Research & Development,Laboratory Technician,Travel_Rarely,Yes,16,2373,13,1,5,3,1,2,3,3,0
No,28,Female,Single,2,Research & Development,Research Scientist,Travel_Rarely,No,8,3310,21,0,5,5,4,4,3,4,0
No,49,Female,Single,4,Research & Development,Research Director,Travel_Frequently,Yes,10,18665,11,0,22,3,3,1,3,3,1
No,36,Male,Single,3,Research & Development,Research Scientist,Travel_Rarely,No,3,4485,12,0,10,8,3,2,3,3,7
No,31,Female,Divorced,3,Sales,Sales Representative,Travel_Frequently,No,5,2789,11,1,2,2,4,2,2,3,2
Yes,26,Male,Single,4,Sales,Sales Executive,Travel_Rarely,Yes,4,5828,12,0,8,8,4,4,3,3,7
No,37,Male,Married,3,Research & Development,Research Scientist,Travel_Frequently,Yes,9,2326,12,3,4,4,2,4,2,3,1
No,42,Female,Married,3,Sales,Sales Executive,Travel_Frequently,No,26,13525,14,1,23,20,3,2,4,3,4
Yes,18,Male,Single,3,Research & Development,Laboratory Technician,Travel_Rarely,No,3,1420,13,0,0,0,3,3,3,3,0
No,35,Male,Married,3,Sales,Sales Executive,Travel_Rarely,No,16,8020,15,2,12,11,3,2,2,3,6
No,36,Male,Married,4,Research & Development,Laboratory Technician,Travel_Frequently,No,18,3688,18,2,4,1,3,4,3,3,0
No,51,Male,Divorced,3,Research & Development,Manufacturing Director,Travel_Rarely,No,2,5482,18,1,13,4,4,2,3,3,1
No,41,Male,Single,4,Sales,Manager,Travel_Rarely,No,2,16015,19,0,22,22,4,2,3,3,0
No,18,Female,Single,3,Sales,Sales Representative,Travel_Rarely,No,10,1200,12,0,0,0,4,3,3,3,0
No,28,Male,Single,2,Research & Development,Healthcare Representative,Travel_Rarely,No,16,5661,19,0,9,8,2,1,3,3,0
No,31,Male,Married,3,Sales,Sales Executive,Travel_Rarely,No,7,6929,11,1,10,8,2,4,2,3,7
No,39,Male,Divorced,3,Research & Development,Healthcare Representative,Travel_Rarely,No,1,9613,17,3,19,18,3,4,2,3,3
No,36,Female,Married,4,Research & Development,Laboratory Technician,Non-Travel,No,24,5674,15,1,11,9,2,2,3,3,0
No,32,Male,Married,3,Sales,Sales Executive,Travel_Rarely,No,7,5484,14,1,13,13,4,3,2,3,4
No,38,Female,Married,2,Research & Development,Research Director,Travel_Rarely,No,25,12061,17,1,19,10,1,2,3,3,0
No,58,Male,Divorced,4,Research & Development,Healthcare Representative,Non-Travel,Yes,1,5660,13,1,12,5,4,3,3,3,1
No,31,Male,Married,4,Research & Development,Research Scientist,Travel_Rarely,Yes,5,4821,12,1,6,5,3,4,3,3,0
No,31,Male,Married,3,Human Resources,Human Resources,Travel_Rarely,No,2,6410,12,0,9,2,1,1,3,3,1
No,45,Male,Divorced,3,Research & Development,Laboratory Technician,Travel_Frequently,No,7,5210,18,1,24,24,1,1,3,3,9
No,31,Male,Divorced,4,Research & Development,Research Scientist,Travel_Rarely,Yes,2,2695,18,1,3,2,3,4,1,3,2
No,33,Female,Married,4,Research & Development,Manager,Travel_Frequently,No,5,11878,11,2,12,10,4,2,3,3,8
No,39,Male,Married,1,Research & Development,Manager,Travel_Rarely,Yes,10,17068,14,0,21,21,3,1,3,3,11
No,43,Female,Single,4,Research & Development,Laboratory Technician,Travel_Frequently,No,10,2455,19,0,9,8,3,4,3,3,1
No,49,Female,Single,2,Research & Development,Healthcare Representative,Travel_Rarely,Yes,1,13964,12,0,25,7,3,3,3,3,0
Yes,52,Male,Married,4,Research & Development,Research Scientist,Travel_Rarely,No,8,4941,15,0,11,8,3,2,2,3,7
No,27,Female,Single,3,Research & Development,Research Scientist,Travel_Rarely,Yes,5,2478,12,0,4,4,3,2,2,3,1
No,32,Female,Married,2,Sales,Sales Executive,Travel_Rarely,Yes,8,5228,11,0,13,13,3,2,3,3,11
No,27,Male,Single,3,Sales,Sales Executive,Travel_Rarely,Yes,2,4478,11,0,5,5,4,3,3,3,0
No,31,Male,Divorced,3,Sales,Sales Executive,Travel_Rarely,No,7,7547,12,3,13,7,4,4,3,3,1
No,32,Female,Single,4,Research & Development,Research Scientist,Travel_Rarely,No,2,5055,16,0,10,7,1,4,2,3,0
Yes,28,Male,Married,4,Research & Development,Research Scientist,Travel_Rarely,Yes,2,3464,13,0,5,3,1,4,2,3,2
No,30,Female,Married,2,Research & Development,Research Scientist,Travel_Rarely,No,28,5775,13,2,11,10,4,4,3,3,1
No,31,Female,Married,2,Research & Development,Manufacturing Director,Travel_Frequently,No,7,8943,24,1,10,10,3,3,3,4,8
No,39,Male,Married,2,Research & Development,Manager,Travel_Frequently,No,7,19272,15,1,21,21,3,4,3,3,13
Yes,39,Female,Married,2,Sales,Sales Executive,Travel_Rarely,Yes,3,5238,18,0,12,1,4,3,2,3,0
No,33,Male,Single,3,Sales,Sales Executive,Travel_Frequently,No,10,4682,14,0,9,7,2,4,2,3,0
No,47,Male,Married,5,Research & Development,Research Director,Travel_Rarely,No,5,18300,11,1,21,3,4,3,3,3,1
No,43,Female,Divorced,4,Research & Development,Laboratory Technician,Travel_Frequently,No,10,5257,11,1,9,9,3,3,4,3,0
No,27,Male,Married,1,Sales,Sales Executive,Non-Travel,Yes,1,6349,13,1,6,5,3,2,3,3,1
No,54,Female,Single,4,Research & Development,Research Scientist,Travel_Frequently,No,20,4869,12,0,20,4,4,3,2,3,0
No,43,Female,Married,3,Research & Development,Healthcare Representative,Travel_Rarely,No,7,9985,16,1,10,1,3,1,2,3,0
No,45,Male,Married,4,Research & Development,Research Scientist,Travel_Rarely,No,8,3697,14,2,12,10,4,4,3,3,9
No,40,Male,Married,2,Sales,Sales Executive,Travel_Rarely,Yes,1,7457,22,3,6,4,2,4,2,4,0
Yes,29,Male,Married,4,Research & Development,Laboratory Technician,Travel_Rarely,Yes,8,2119,11,0,7,7,2,1,2,3,0
No,29,Male,Single,5,Research & Development,Laboratory Technician,Travel_Rarely,No,9,3983,17,0,4,3,2,4,3,3,2
No,30,Female,Divorced,3,Sales,Sales Executive,Travel_Rarely,No,5,6118,13,3,10,10,4,3,3,3,1
No,27,Female,Married,4,Sales,Sales Executive,Travel_Rarely,No,8,6214,18,1,8,8,2,2,3,3,0
No,37,Male,Divorced,2,Research & Development,Manufacturing Director,Travel_Rarely,No,5,6347,16,2,8,6,4,4,2,3,0
No,38,Male,Divorced,2,Research & Development,Research Director,Travel_Rarely,Yes,15,11510,14,1,12,11,3,4,3,3,2
No,31,Female,Single,4,Research & Development,Manufacturing Director,Travel_Rarely,Yes,7,7143,14,0,11,11,3,4,2,3,4
No,29,Female,Divorced,1,Sales,Sales Executive,Travel_Rarely,Yes,10,8268,14,2,7,7,4,2,3,3,1
No,35,Male,Single,4,Research & Development,Manufacturing Director,Travel_Rarely,No,5,8095,13,0,17,16,3,2,3,3,0
No,23,Male,Divorced,1,Research & Development,Research Scientist,Travel_Rarely,No,26,2904,12,2,4,4,3,4,2,3,0
No,41,Male,Single,3,Research & Development,Manufacturing Director,Travel_Rarely,Yes,6,6032,15,0,8,5,4,2,3,3,1
No,47,Male,Single,1,Sales,Sales Representative,Travel_Frequently,No,4,2976,19,0,5,0,2,3,3,3,0
No,42,Female,Single,5,Research & Development,Research Director,Travel_Rarely,No,23,15992,14,0,16,1,1,4,3,3,0
No,29,Male,Married,3,Sales,Sales Executive,Non-Travel,No,2,4649,14,1,4,4,4,3,2,3,0
No,42,Male,Divorced,1,Human Resources,Human Resources,Travel_Rarely,Yes,2,2696,11,1,4,3,3,3,3,3,1
No,32,Female,Married,3,Research & Development,Laboratory Technician,Travel_Rarely,No,2,2370,13,1,8,8,3,2,3,3,0
No,48,Female,Married,1,Sales,Manager,Travel_Rarely,No,29,12504,21,1,15,0,1,3,1,4,0
No,37,Male,Divorced,3,Research & Development,Research Scientist,Travel_Rarely,Yes,6,5974,13,2,13,7,3,1,3,3,6
No,30,Female,Married,2,Sales,Sales Executive,Non-Travel,Yes,25,4736,12,1,4,2,4,3,4,3,2
No,26,Male,Married,3,Sales,Sales Executive,Travel_Rarely,No,1,5296,17,1,8,8,3,3,3,3,7
No,42,Male,Single,4,Research & Development,Healthcare Representative,Travel_Rarely,No,2,6781,23,0,14,1,1,4,3,4,0
Yes,21,Female,Single,1,Sales,Sales Representative,Travel_Frequently,Yes,1,2174,11,0,3,3,1,2,3,3,1
No,36,Female,Single,5,Sales,Sales Executive,Non-Travel,No,1,6653,15,0,7,1,4,4,3,3,0
No,36,Male,Married,4,Sales,Sales Executive,Travel_Frequently,No,3,9699,11,1,16,13,1,4,3,3,1
No,57,Male,Married,4,Research & Development,Healthcare Representative,Travel_Rarely,No,1,6755,11,0,15,3,4,3,3,3,1
No,40,Female,Married,4,Research & Development,Laboratory Technician,Travel_Rarely,Yes,10,2213,13,1,10,7,4,3,3,3,1
No,21,Male,Single,2,Sales,Sales Representative,Non-Travel,No,9,2610,24,0,3,3,1,4,2,4,2
Yes,33,Female,Single,3,Sales,Sales Representative,Travel_Rarely,Yes,5,2851,13,0,1,1,4,3,3,3,0
No,37,Female,Married,3,Research & Development,Laboratory Technician,Travel_Rarely,No,10,3452,20,1,17,5,3,1,3,4,0
No,46,Female,Married,4,Research & Development,Manufacturing Director,Non-Travel,No,7,5258,14,0,7,1,3,3,4,3,0
Yes,41,Male,Single,3,Sales,Sales Executive,Travel_Frequently,No,4,9355,18,0,8,8,1,2,3,3,7
No,50,Male,Single,3,Research & Development,Healthcare Representative,Travel_Rarely,No,10,10496,15,0,20,4,4,4,3,3,1
Yes,40,Male,Married,2,Sales,Sales Executive,Travel_Rarely,Yes,22,6380,12,2,8,6,3,3,3,3,1
No,31,Male,Single,4,Research & Development,Research Scientist,Travel_Rarely,Yes,9,2657,16,0,3,2,3,2,3,3,2
Yes,21,Female,Single,3,Sales,Sales Representative,Travel_Rarely,No,12,2716,15,0,1,1,3,2,3,3,0
No,29,Male,Single,3,Research & Development,Research Scientist,Travel_Rarely,No,23,2201,16,0,6,3,4,4,3,3,1
No,35,Male,Single,4,Research & Development,Healthcare Representative,Travel_Rarely,No,9,6540,19,0,10,1,3,2,3,3,0
No,27,Male,Divorced,2,Research & Development,Laboratory Technician,Travel_Rarely,No,1,3816,11,1,5,5,4,2,3,3,0
No,28,Male,Single,4,Sales,Sales Executive,Travel_Rarely,No,9,5253,16,0,7,7,2,4,3,3,0
No,49,Male,Single,3,Research & Development,Healthcare Representative,Travel_Rarely,No,7,10965,24,0,26,5,2,3,3,4,0
No,51,Female,Married,2,Sales,Sales Executive,Travel_Rarely,No,14,4936,11,1,18,7,3,4,2,3,0
No,36,Female,Married,3,Research & Development,Research Scientist,Travel_Rarely,No,2,2543,13,1,6,2,4,3,3,3,2
Yes,34,Male,Single,3,Sales,Sales Executive,Non-Travel,Yes,19,5304,13,0,9,5,1,4,2,3,0
No,55,Female,Single,3,Research & Development,Manager,Travel_Rarely,Yes,2,16659,13,0,30,5,3,4,3,3,1
No,24,Female,Divorced,4,Sales,Sales Executive,Travel_Rarely,Yes,10,4260,12,1,5,5,4,3,4,3,0
No,30,Male,Married,1,Sales,Sales Representative,Travel_Rarely,No,2,2476,18,1,1,1,3,2,3,3,0
Yes,26,Male,Single,1,Research & Development,Research Scientist,Travel_Frequently,No,3,3102,22,0,7,6,3,1,3,4,0
No,22,Female,Married,3,Research & Development,Research Scientist,Travel_Rarely,No,11,2244,13,1,2,2,1,2,3,3,1
No,36,Male,Married,2,Sales,Sales Executive,Travel_Rarely,No,2,7596,13,2,10,10,2,3,3,3,9
Yes,30,Male,Single,3,Research & Development,Research Scientist,Travel_Frequently,Yes,4,2285,23,0,3,1,3,4,3,4,0
No,37,Female,Divorced,3,Research & Development,Laboratory Technician,Travel_Rarely,No,14,3034,12,1,18,18,4,1,2,3,12
No,40,Female,Divorced,2,Sales,Sales Executive,Travel_Rarely,No,2,5715,12,2,8,5,4,2,3,3,1
No,42,Female,Divorced,4,Research & Development,Laboratory Technician,Travel_Rarely,No,1,2576,16,1,8,5,2,1,3,3,1
No,37,Male,Single,4,Research & Development,Manufacturing Director,Travel_Rarely,Yes,10,4197,12,0,18,1,3,2,2,3,0
No,43,Male,Divorced,3,Research & Development,Research Director,Travel_Rarely,No,12,14336,11,1,25,25,1,2,3,3,3
No,40,Female,Married,3,Research & Development,Laboratory Technician,Travel_Rarely,No,2,3448,22,1,20,1,2,3,3,4,0
No,54,Male,Married,2,Research & Development,Research Director,Travel_Rarely,No,5,19406,11,1,24,4,1,1,2,3,1
No,34,Female,Married,4,Sales,Sales Executive,Non-Travel,No,4,6538,15,1,6,3,3,3,3,3,1
No,31,Female,Married,2,Research & Development,Manufacturing Director,Travel_Rarely,No,7,4306,12,1,13,13,2,1,1,3,3
No,43,Male,Married,3,Research & Development,Laboratory Technician,Travel_Frequently,No,21,2258,20,1,8,3,4,4,3,4,1
No,43,Female,Divorced,4,Research & Development,Healthcare Representative,Travel_Rarely,Yes,8,4522,14,0,8,5,3,3,3,3,0
No,25,Female,Single,2,Sales,Sales Executive,Travel_Rarely,Yes,4,4487,11,0,5,5,2,4,3,3,1
No,37,Female,Married,5,Research & Development,Research Scientist,Non-Travel,Yes,25,4449,15,2,15,13,2,3,3,3,10
No,31,Male,Married,2,Research & Development,Laboratory Technician,Travel_Rarely,No,1,2218,12,1,4,4,4,1,3,3,3
No,39,Male,Divorced,1,Research & Development,Manager,Travel_Frequently,Yes,1,19197,14,1,21,21,2,3,3,3,1
No,56,Female,Married,3,Sales,Sales Executive,Travel_Frequently,No,6,13212,11,3,36,7,3,1,2,3,7
No,30,Female,Single,3,Sales,Sales Executive,Travel_Rarely,No,12,6577,11,0,6,5,2,3,3,3,4
No,41,Male,Married,3,Sales,Sales Executive,Travel_Rarely,No,1,8392,16,1,10,10,2,1,3,3,0
No,28,Male,Divorced,2,Research & Development,Laboratory Technician,Travel_Rarely,No,17,4558,12,1,10,10,3,1,3,3,1
Yes,25,Male,Married,3,Research & Development,Laboratory Technician,Travel_Rarely,No,3,4031,13,1,6,2,1,1,3,3,0
No,52,Male,Married,3,Research & Development,Manufacturing Director,Travel_Rarely,Yes,3,7969,14,0,28,5,4,3,3,3,0
No,45,Male,Married,2,Research & Development,Research Scientist,Travel_Rarely,No,10,2654,21,2,8,2,1,4,2,4,0
No,52,Female,Married,2,Research & Development,Manager,Travel_Rarely,No,4,16555,13,0,31,5,4,4,1,3,1
No,42,Female,Divorced,2,Research & Development,Research Scientist,Travel_Frequently,No,29,4556,11,1,19,5,1,3,3,3,0
No,30,Female,Single,3,Research & Development,Manufacturing Director,Travel_Rarely,No,2,6091,20,0,11,5,3,4,3,4,0
No,60,Female,Married,3,Research & Development,Manager,Travel_Rarely,No,7,19566,11,0,33,29,1,1,1,3,11
No,46,Female,Divorced,3,Research & Development,Manufacturing Director,Travel_Rarely,No,18,4810,14,1,19,10,3,3,2,3,0
No,42,Female,Married,4,Research & Development,Healthcare Representative,Travel_Frequently,No,28,4523,11,3,7,6,4,4,4,3,0
Yes,24,Female,Single,1,Sales,Sales Representative,Travel_Rarely,Yes,1,3202,16,0,6,5,1,2,3,3,1
Yes,34,Female,Divorced,2,Sales,Sales Representative,Travel_Frequently,No,6,2351,16,1,3,2,4,3,2,3,1
No,38,Male,Married,2,Research & Development,Laboratory Technician,Travel_Frequently,Yes,2,1702,23,1,1,1,4,4,3,4,0
No,40,Female,Married,4,Sales,Manager,Travel_Rarely,No,2,18041,14,0,21,20,3,3,3,3,1
No,26,Female,Divorced,3,Research & Development,Research Scientist,Travel_Rarely,No,23,2886,22,2,3,3,1,4,1,4,0
No,30,Male,Married,3,Research & Development,Laboratory Technician,Non-Travel,No,3,2097,15,1,9,5,3,4,1,3,1
No,29,Male,Married,4,Research & Development,Research Director,Travel_Rarely,No,3,11935,18,0,10,10,2,3,3,3,0
Yes,29,Female,Married,5,Research & Development,Research Scientist,Travel_Rarely,No,25,2546,16,0,6,2,3,2,4,3,1
Yes,19,Male,Single,2,Human Resources,Human Resources,Travel_Rarely,No,2,2564,12,0,1,1,1,4,4,3,0
No,30,Female,Married,4,Sales,Sales Executive,Non-Travel,No,22,8412,11,0,10,9,3,1,3,3,7
No,57,Male,Divorced,3,Sales,Manager,Travel_Rarely,No,29,14118,12,1,32,1,1,4,2,3,0
No,50,Male,Married,4,Research & Development,Manager,Travel_Rarely,No,29,17046,15,1,28,27,2,3,3,3,15
No,30,Female,Single,3,Research & Development,Laboratory Technician,Non-Travel,No,2,2564,14,0,12,11,3,4,2,3,6
No,60,Female,Married,3,Sales,Sales Executive,Travel_Frequently,No,28,10266,19,0,22,18,3,1,4,3,13
No,47,Female,Divorced,2,Research & Development,Manufacturing Director,Travel_Rarely,No,2,5070,13,3,20,5,1,4,3,3,0
No,46,Male,Married,3,Research & Development,Research Director,Travel_Rarely,No,2,17861,13,0,26,3,1,3,1,3,0
No,35,Male,Single,3,Research & Development,Laboratory Technician,Travel_Rarely,No,22,4230,15,0,6,5,4,3,3,3,4
No,54,Female,Single,4,Research & Development,Laboratory Technician,Travel_Rarely,No,8,3780,11,0,19,1,3,3,3,3,0
No,34,Male,Divorced,4,Research & Development,Research Scientist,Travel_Rarely,No,2,2768,12,1,14,7,4,3,3,3,5
No,46,Female,Married,3,Sales,Sales Executive,Travel_Rarely,Yes,10,9071,19,1,15,3,3,4,3,3,1
No,31,Male,Divorced,1,Research & Development,Manufacturing Director,Travel_Rarely,No,9,10648,25,1,13,13,3,2,4,4,0
Yes,33,Male,Married,1,Research & Development,Manager,Travel_Rarely,Yes,15,13610,12,0,15,7,2,3,4,3,7
Yes,33,Male,Divorced,1,Research & Development,Laboratory Technician,Travel_Rarely,No,10,3408,13,3,8,4,1,4,3,3,1
No,30,Male,Single,1,Sales,Sales Representative,Travel_Rarely,No,7,2983,14,0,4,3,4,2,3,3,1
No,35,Male,Married,3,Research & Development,Healthcare Representative,Travel_Rarely,Yes,16,7632,12,0,10,8,4,3,3,3,0
Yes,31,Male,Married,3,Research & Development,Healthcare Representative,Travel_Frequently,No,20,9824,12,0,12,1,1,3,3,3,0
Yes,34,Female,Divorced,3,Human Resources,Human Resources,Travel_Frequently,Yes,23,9950,15,3,11,3,2,1,3,3,0
No,42,Male,Married,2,Research & Development,Laboratory Technician,Travel_Frequently,No,5,2093,17,1,8,2,2,3,3,3,2
No,36,Male,Single,4,Sales,Sales Executive,Non-Travel,No,10,9980,14,0,10,10,2,4,2,3,9
Yes,22,Male,Single,1,Research & Development,Laboratory Technician,Travel_Frequently,No,4,3894,16,0,4,2,3,3,3,3,1
No,48,Female,Married,5,Sales,Sales Executive,Travel_Rarely,No,2,4051,14,1,14,9,2,4,3,3,6
No,55,Female,Single,5,Sales,Manager,Travel_Rarely,No,18,16835,23,0,37,10,1,2,3,4,7
No,41,Male,Single,2,Sales,Sales Executive,Non-Travel,No,10,6230,14,0,16,14,4,4,3,3,1
No,35,Male,Married,3,Sales,Sales Executive,Travel_Rarely,No,1,4717,11,0,15,11,2,3,3,3,6
No,40,Female,Single,3,Research & Development,Manufacturing Director,Travel_Rarely,No,6,13237,15,0,22,20,2,3,3,3,5
No,39,Female,Married,1,Research & Development,Laboratory Technician,Travel_Frequently,No,8,3755,11,1,8,8,3,3,3,3,0
No,31,Male,Single,1,Sales,Sales Executive,Travel_Rarely,Yes,2,6582,13,0,10,6,2,4,4,3,0
No,42,Male,Married,3,Research & Development,Manufacturing Director,Travel_Rarely,Yes,24,7406,21,1,10,10,4,1,2,4,5
No,45,Male,Married,3,Sales,Sales Executive,Travel_Rarely,No,2,4805,19,1,9,8,4,2,4,3,3
Yes,26,Female,Divorced,4,Human Resources,Human Resources,Travel_Frequently,Yes,17,2741,11,1,8,7,2,3,2,3,1
No,29,Male,Divorced,3,Research & Development,Manufacturing Director,Travel_Rarely,No,19,4262,12,2,8,3,4,4,4,3,1
No,33,Female,Divorced,5,Research & Development,Research Director,Travel_Rarely,No,1,16184,19,1,10,6,1,3,3,3,0
No,31,Male,Divorced,3,Sales,Manager,Travel_Rarely,No,7,11557,21,1,10,5,3,4,2,4,0
Yes,18,Male,Single,3,Sales,Sales Representative,Travel_Frequently,Yes,5,1878,14,0,0,0,2,2,3,3,0
No,40,Male,Divorced,3,Sales,Sales Executive,Non-Travel,No,28,10932,15,1,20,1,3,1,3,3,0
No,41,Female,Single,4,Research & Development,Healthcare Representative,Non-Travel,Yes,2,6811,17,0,10,8,1,3,3,3,0
No,26,Male,Divorced,2,Sales,Sales Executive,Travel_Rarely,No,29,4306,12,2,8,0,1,3,3,3,0
No,35,Female,Single,3,Sales,Sales Executive,Travel_Rarely,No,1,4859,16,0,5,5,1,3,3,3,0
No,34,Male,Single,4,Sales,Sales Executive,Travel_Rarely,No,21,5337,12,0,10,10,4,4,3,3,5
Yes,26,Male,Single,3,Research & Development,Laboratory Technician,Travel_Rarely,Yes,24,2340,18,0,1,1,3,4,1,3,0
No,37,Female,Single,3,Research & Development,Manufacturing Director,Travel_Rarely,No,1,7491,17,0,12,6,2,4,4,3,1
No,46,Female,Married,1,Research & Development,Healthcare Representative,Travel_Frequently,No,18,10527,11,0,28,2,1,3,2,3,1
No,41,Female,Married,5,Sales,Manager,Travel_Rarely,No,2,16595,16,1,22,18,2,1,3,3,11
No,37,Male,Divorced,4,Sales,Sales Executive,Non-Travel,No,9,8834,13,1,9,9,1,2,3,3,7
No,52,Male,Divorced,2,Research & Development,Research Scientist,Travel_Rarely,Yes,6,5577,12,2,18,10,4,1,3,3,6
Yes,32,Male,Married,4,Sales,Sales Executive,Non-Travel,No,11,4707,12,0,6,4,4,3,3,3,1
No,24,Male,Married,3,Sales,Sales Representative,Travel_Frequently,No,24,2400,13,2,3,2,4,4,3,3,2
No,38,Female,Married,3,Research & Development,Healthcare Representative,Travel_Rarely,No,10,9824,19,1,18,1,3,3,3,3,0
No,37,Female,Married,4,Research & Development,Manufacturing Director,Travel_Rarely,No,1,6447,12,1,8,6,2,2,2,3,4
No,49,Male,Divorced,4,Research & Development,Research Director,Travel_Rarely,Yes,18,19502,17,1,31,31,4,3,3,3,0
No,24,Male,Married,3,Research & Development,Research Scientist,Travel_Rarely,Yes,23,2725,11,2,6,6,2,4,3,3,1
No,26,Male,Married,2,Sales,Sales Executive,Travel_Rarely,No,28,6272,20,2,6,5,1,2,4,4,1
No,24,Male,Married,2,Research & Development,Laboratory Technician,Travel_Rarely,No,17,2127,21,1,1,1,4,2,3,4,0
No,50,Male,Married,3,Human Resources,Manager,Travel_Frequently,No,3,18200,11,1,32,32,1,2,3,3,10
No,25,Male,Married,1,Sales,Sales Representative,Travel_Rarely,No,13,2096,11,0,7,7,2,3,3,3,0
Yes,24,Female,Married,3,Research & Development,Laboratory Technician,Travel_Frequently,Yes,7,2886,16,1,6,6,1,3,3,3,1
Yes,30,Male,Married,4,Sales,Sales Representative,Travel_Frequently,No,12,2033,18,1,1,1,2,1,4,3,0
No,34,Male,Married,2,Research & Development,Research Scientist,Travel_Rarely,Yes,1,3622,13,1,6,6,2,4,3,3,1
Yes,31,Male,Divorced,4,Sales,Sales Executive,Travel_Rarely,No,13,4233,17,0,9,3,2,1,1,3,1
No,35,Male,Single,2,Research & Development,Laboratory Technician,Travel_Rarely,No,25,3681,14,0,9,3,1,4,3,3,0
No,31,Male,Divorced,4,Sales,Sales Executive,Travel_Rarely,No,6,5460,22,2,13,7,1,4,4,4,5
No,27,Female,Divorced,4,Research & Development,Research Scientist,Travel_Rarely,No,6,2187,12,2,6,5,1,3,2,3,0
No,37,Male,Married,3,Sales,Sales Executive,Travel_Rarely,Yes,2,9602,11,1,17,3,4,3,2,3,1
No,20,Female,Single,3,Research & Development,Research Scientist,Travel_Rarely,No,1,2836,13,0,1,1,4,2,4,3,0
No,42,Female,Married,4,Research & Development,Healthcare Representative,Travel_Rarely,No,2,4089,13,2,10,10,3,4,3,3,2
No,43,Male,Divorced,4,Research & Development,Research Director,Travel_Rarely,Yes,6,16627,14,1,21,1,2,4,2,3,0
No,38,Female,Single,1,Research & Development,Research Scientist,Travel_Rarely,No,1,2619,17,0,8,0,3,1,2,3,0
No,43,Male,Divorced,5,Research & Development,Laboratory Technician,Travel_Frequently,Yes,9,5679,13,1,10,8,4,3,3,3,4
No,48,Female,Married,4,Research & Development,Manager,Travel_Rarely,No,1,15402,11,1,21,3,4,1,1,3,0
No,44,Female,Single,4,Human Resources,Human Resources,Travel_Rarely,No,1,5985,11,0,10,2,1,3,4,3,0
No,34,Female,Divorced,3,Sales,Sales Representative,Travel_Rarely,Yes,14,2579,18,2,8,8,3,3,3,3,0
Yes,27,Male,Divorced,1,Sales,Sales Representative,Travel_Rarely,No,2,3041,11,1,5,4,3,1,3,3,0
No,21,Male,Single,1,Sales,Sales Representative,Travel_Rarely,No,22,3447,11,0,3,3,3,3,3,3,1
No,44,Male,Married,4,Research & Development,Manager,Travel_Rarely,Yes,3,19513,12,1,26,2,4,4,4,3,0
No,22,Male,Married,1,Research & Development,Research Scientist,Travel_Rarely,No,6,2773,20,0,3,2,1,3,3,4,2
No,33,Male,Divorced,4,Sales,Sales Executive,Travel_Rarely,No,8,7104,12,0,6,5,3,3,3,3,1
No,32,Female,Married,4,Research & Development,Research Scientist,Travel_Rarely,Yes,9,6322,12,1,6,6,1,4,2,3,0
No,30,Female,Divorced,3,Research & Development,Research Scientist,Travel_Frequently,No,3,2083,20,1,1,1,3,3,3,4,0
No,53,Female,Single,1,Sales,Sales Executive,Travel_Rarely,No,1,8381,20,0,18,14,4,1,4,4,8
No,34,Male,Married,5,Research & Development,Research Scientist,Travel_Rarely,No,1,2691,12,1,10,10,2,4,2,3,8
Yes,45,Female,Married,4,Sales,Sales Executive,Travel_Frequently,No,26,4286,14,2,5,1,1,1,3,3,0
No,26,Female,Married,3,Research & Development,Laboratory Technician,Travel_Rarely,Yes,6,2659,13,1,3,3,3,4,3,3,0
No,37,Male,Married,3,Research & Development,Manufacturing Director,Travel_Rarely,No,3,9434,15,1,10,10,3,3,3,3,7
No,29,Female,Married,2,Sales,Sales Executive,Travel_Rarely,No,3,5561,14,1,6,6,2,3,2,3,1
No,35,Male,Single,4,Research & Development,Research Scientist,Travel_Rarely,No,6,6646,13,0,17,17,2,4,3,3,11
No,33,Male,Divorced,3,Research & Development,Healthcare Representative,Travel_Frequently,No,6,7725,23,1,15,13,3,4,1,4,4
No,54,Male,Married,4,Human Resources,Human Resources,Travel_Rarely,No,19,10725,15,1,16,9,3,2,4,3,7
No,36,Male,Divorced,2,Research & Development,Manufacturing Director,Travel_Rarely,Yes,9,8847,11,1,13,3,2,2,3,3,0
No,27,Male,Single,4,Research & Development,Research Scientist,Travel_Rarely,No,3,2045,13,0,5,4,1,4,3,3,1
Yes,20,Male,Single,1,Research & Development,Research Scientist,Travel_Rarely,Yes,10,1009,11,0,1,1,4,3,3,3,1
Yes,33,Male,Single,3,Research & Development,Research Scientist,Travel_Frequently,Yes,3,3348,11,0,10,10,1,1,3,3,9
No,35,Male,Married,3,Research & Development,Laboratory Technician,Non-Travel,No,3,1281,18,2,1,1,3,3,3,3,0
No,23,Male,Married,3,Research & Development,Research Scientist,Travel_Rarely,No,4,2819,16,1,5,3,1,1,4,3,0
No,25,Male,Married,3,Sales,Sales Executive,Travel_Rarely,No,8,4851,22,1,4,3,4,2,3,4,1
No,38,Female,Single,4,Sales,Sales Executive,Travel_Rarely,No,7,4028,20,0,8,7,4,4,3,4,0
No,29,Male,Divorced,4,Research & Development,Research Scientist,Travel_Frequently,No,1,2720,18,1,10,10,2,4,3,3,2
No,48,Male,Married,1,Sales,Sales Executive,Travel_Rarely,No,2,8120,12,0,12,2,2,2,3,3,2
No,27,Female,Divorced,1,Sales,Sales Executive,Travel_Frequently,Yes,3,4647,20,2,6,6,4,4,3,4,0
No,37,Male,Single,2,Research & Development,Research Scientist,Travel_Rarely,No,10,4680,17,0,4,1,4,4,3,3,0
No,50,Male,Married,1,Research & Development,Laboratory Technician,Travel_Rarely,Yes,28,3221,11,3,20,20,4,3,3,3,3
No,34,Female,Single,3,Research & Development,Healthcare Representative,Travel_Rarely,No,9,8621,14,0,9,8,4,2,4,3,7
Yes,24,Female,Single,2,Sales,Sales Executive,Travel_Rarely,No,3,4577,14,0,4,2,1,3,3,3,2
No,39,Female,Single,4,Research & Development,Healthcare Representative,Travel_Rarely,No,2,4553,11,0,20,20,4,3,3,3,11
No,32,Male,Single,3,Sales,Sales Executive,Travel_Rarely,No,10,5396,12,0,10,10,4,4,2,3,0
Yes,50,Male,Married,2,Sales,Sales Executive,Travel_Frequently,Yes,8,6796,14,1,18,4,2,3,3,3,1
No,38,Female,Single,4,Research & Development,Healthcare Representative,Travel_Rarely,No,1,7625,13,0,10,9,2,4,2,3,1
No,27,Female,Married,2,Research & Development,Manufacturing Director,Travel_Rarely,No,1,7412,11,0,9,9,3,1,3,3,0
No,32,Female,Single,2,Research & Development,Research Director,Travel_Rarely,No,3,11159,15,0,10,7,3,4,3,3,7
No,47,Male,Single,4,Sales,Sales Executive,Travel_Rarely,No,14,4960,12,0,20,7,4,1,3,3,1
No,40,Male,Married,4,Sales,Sales Executive,Travel_Frequently,Yes,5,10475,21,1,20,18,4,1,3,4,1
No,53,Male,Married,3,Research & Development,Research Director,Travel_Rarely,No,7,14814,19,0,32,5,3,3,3,3,1
No,41,Male,Divorced,4,Human Resources,Manager,Travel_Rarely,No,10,19141,15,3,23,21,2,4,2,3,12
No,60,Male,Single,4,Sales,Sales Executive,Travel_Rarely,No,16,5405,14,0,10,2,1,1,3,3,2
No,27,Male,Divorced,2,Research & Development,Manufacturing Director,Travel_Frequently,No,10,8793,21,2,9,9,4,1,2,4,1
No,41,Male,Married,3,Human Resources,Manager,Travel_Rarely,No,1,19189,12,1,22,22,4,3,3,3,2
No,50,Male,Married,4,Sales,Sales Representative,Travel_Rarely,No,8,3875,15,1,4,2,4,2,3,3,2
Yes,28,Female,Single,2,Research & Development,Research Scientist,Travel_Rarely,Yes,1,2216,13,0,10,7,1,2,3,3,3
No,36,Female,Married,3,Research & Development,Research Director,Non-Travel,No,8,11713,14,1,10,8,1,1,3,3,0
No,38,Female,Single,3,Research & Development,Manufacturing Director,Travel_Rarely,Yes,1,7861,14,0,10,1,3,3,4,3,0
No,44,Male,Single,3,Research & Development,Laboratory Technician,Non-Travel,No,24,3708,14,0,9,5,1,3,3,3,1
No,47,Female,Divorced,3,Sales,Sales Executive,Travel_Frequently,Yes,3,13770,12,2,28,22,4,3,2,3,11
No,30,Male,Divorced,5,Sales,Sales Executive,Travel_Rarely,No,27,5304,23,1,10,8,3,4,2,4,7
No,29,Male,Single,3,Sales,Sales Representative,Travel_Rarely,No,10,2642,11,0,1,1,3,3,3,3,0
Yes,42,Male,Divorced,3,Research & Development,Research Scientist,Travel_Frequently,Yes,19,2759,12,0,7,2,3,3,3,3,2
No,43,Male,Married,3,Sales,Sales Executive,Travel_Frequently,No,15,6804,18,1,7,2,4,4,3,3,2
No,34,Female,Single,2,Research & Development,Healthcare Representative,Travel_Rarely,No,8,6142,11,0,10,5,2,3,3,3,4
No,23,Male,Married,1,Research & Development,Laboratory Technician,Travel_Rarely,No,9,2500,14,1,5,4,2,1,4,3,0
No,39,Female,Married,3,Human Resources,Human Resources,Travel_Rarely,No,3,6389,15,1,12,8,3,2,1,3,3
No,56,Male,Married,3,Research & Development,Healthcare Representative,Travel_Rarely,No,9,11103,11,0,30,10,3,4,2,3,1
No,40,Female,Single,1,Research & Development,Research Scientist,Travel_Rarely,Yes,2,2342,20,0,5,4,4,4,2,4,2
No,27,Female,Single,3,Research & Development,Healthcare Representative,Travel_Rarely,No,7,6811,19,0,9,7,4,1,1,3,0
No,29,Male,Divorced,3,Sales,Sales Representative,Travel_Rarely,No,10,2297,14,2,2,2,4,2,3,3,2
No,53,Male,Single,3,Research & Development,Laboratory Technician,Travel_Rarely,No,6,2450,17,0,19,2,4,4,3,3,2
No,35,Female,Divorced,4,Research & Development,Healthcare Representative,Non-Travel,No,2,5093,11,1,16,1,4,1,4,3,0
No,32,Male,Married,4,Research & Development,Laboratory Technician,Travel_Frequently,No,24,5309,15,2,10,10,1,4,3,3,4
No,38,Male,Married,5,Research & Development,Research Scientist,Travel_Rarely,Yes,2,3057,13,1,6,1,4,3,1,3,0
No,34,Female,Divorced,5,Research & Development,Manufacturing Director,Travel_Rarely,No,8,5121,14,1,7,0,2,1,3,3,0
No,52,Male,Married,4,Sales,Manager,Travel_Rarely,No,3,16856,11,0,34,34,3,1,4,3,1
Yes,33,Male,Single,4,Research & Development,Research Scientist,Travel_Rarely,Yes,1,2686,13,0,10,10,4,4,2,3,7
No,25,Female,Single,1,Sales,Sales Executive,Travel_Rarely,No,26,6180,23,0,6,6,3,4,2,4,1
No,45,Male,Single,2,Sales,Sales Representative,Travel_Rarely,No,2,6632,13,0,9,8,2,3,3,3,3
No,23,Male,Single,1,Research & Development,Research Scientist,Travel_Rarely,No,10,3505,18,0,2,2,1,3,3,3,0
Yes,47,Female,Single,2,Sales,Sales Executive,Travel_Frequently,Yes,27,6397,12,0,8,5,2,3,3,3,1
No,34,Male,Single,3,Sales,Sales Executive,Travel_Rarely,No,2,6274,22,0,6,6,4,4,3,4,1
Yes,55,Male,Married,3,Research & Development,Manager,Travel_Rarely,Yes,2,19859,13,1,24,5,4,1,3,3,1
No,36,Male,Single,4,Sales,Sales Executive,Non-Travel,No,8,7587,15,0,10,10,1,1,3,3,0
No,52,Male,Married,4,Research & Development,Research Scientist,Non-Travel,No,19,4258,18,1,5,4,4,4,3,3,1
No,26,Female,Divorced,2,Research & Development,Laboratory Technician,Travel_Frequently,No,1,4364,14,1,5,2,1,4,3,3,2
No,29,Female,Married,3,Research & Development,Healthcare Representative,Travel_Rarely,No,27,4335,12,1,11,8,2,3,2,3,1
Yes,26,Male,Single,3,Sales,Sales Executive,Travel_Rarely,No,8,5326,17,0,6,4,4,1,2,3,1
No,34,Female,Single,4,Research & Development,Research Scientist,Travel_Rarely,No,1,3280,16,0,10,4,2,4,3,3,1
No,54,Female,Divorced,4,Research & Development,Manufacturing Director,Travel_Rarely,Yes,19,5485,11,2,9,5,4,1,3,3,1
No,27,Male,Married,1,Sales,Sales Executive,Travel_Frequently,No,8,4342,19,1,5,4,3,4,3,3,1
No,37,Female,Divorced,1,Research & Development,Research Scientist,Travel_Rarely,Yes,10,2782,13,2,6,5,4,1,2,3,4
No,38,Female,Single,4,Research & Development,Manufacturing Director,Travel_Frequently,Yes,2,5980,12,0,17,15,1,1,3,3,4
No,34,Female,Single,4,Research & Development,Research Scientist,Travel_Rarely,No,2,4381,11,0,6,6,3,1,3,3,1
No,35,Female,Married,4,Sales,Sales Representative,Travel_Rarely,No,8,2572,16,1,3,3,1,4,2,3,0
No,30,Male,Married,3,Research & Development,Laboratory Technician,Travel_Rarely,No,1,3833,21,2,7,2,4,3,3,4,0
No,40,Female,Married,2,Research & Development,Healthcare Representative,Travel_Frequently,No,2,4244,24,1,8,8,3,2,3,4,3
No,34,Female,Married,2,Sales,Sales Executive,Travel_Rarely,No,8,6500,17,1,6,3,3,1,3,3,1
No,42,Male,Divorced,3,Research & Development,Manager,Travel_Frequently,No,8,18430,13,1,24,24,2,4,2,3,14
Yes,23,Male,Married,3,Research & Development,Laboratory Technician,Travel_Rarely,Yes,6,1601,21,2,1,0,3,1,3,4,0
No,24,Male,Divorced,3,Research & Development,Laboratory Technician,Non-Travel,No,9,2694,11,3,1,1,3,2,3,3,0
No,52,Female,Married,4,Research & Development,Laboratory Technician,Travel_Rarely,No,11,3149,20,1,9,5,4,3,3,4,1
No,50,Male,Married,3,Research & Development,Research Director,Travel_Rarely,No,2,17639,16,0,30,4,3,3,3,3,0
Yes,29,Female,Married,2,Research & Development,Laboratory Technician,Travel_Rarely,Yes,1,2319,11,1,1,1,2,1,3,3,0
No,33,Male,Married,3,Research & Development,Research Director,Travel_Rarely,No,7,11691,11,0,14,13,3,3,4,3,3
Yes,33,Female,Single,3,Sales,Sales Executive,Travel_Rarely,No,16,5324,15,0,6,3,1,1,3,3,0
No,47,Female,Married,2,Research & Development,Manager,Travel_Rarely,Yes,2,16752,11,1,26,26,3,4,2,3,3
No,36,Female,Married,3,Research & Development,Manufacturing Director,Travel_Rarely,No,1,5228,15,1,10,9,3,2,3,3,0
No,29,Male,Married,2,Research & Development,Research Scientist,Travel_Rarely,No,23,2700,24,1,10,10,3,3,3,4,0
Yes,58,Male,Single,4,Research & Development,Research Director,Travel_Rarely,Yes,2,19246,12,0,40,31,4,2,3,3,13
No,35,Female,Single,4,Research & Development,Research Scientist,Travel_Rarely,No,1,2506,13,0,7,2,4,3,3,3,2
No,42,Female,Married,2,Research & Development,Manufacturing Director,Travel_Rarely,Yes,1,6062,13,1,8,4,4,4,3,3,0
Yes,28,Male,Single,4,Research & Development,Research Scientist,Travel_Rarely,No,2,4382,17,0,5,2,3,3,2,3,2
No,36,Male,Married,3,Human Resources,Human Resources,Travel_Rarely,No,13,2143,13,1,8,5,3,2,3,3,0
No,32,Female,Married,3,Research & Development,Manufacturing Director,Travel_Rarely,No,4,6162,12,1,14,14,3,3,3,3,6
No,40,Male,Single,4,Research & Development,Laboratory Technician,Travel_Frequently,No,16,5094,14,0,10,1,1,3,3,3,0
No,30,Female,Single,3,Research & Development,Manufacturing Director,Travel_Rarely,Yes,2,6877,24,0,12,0,3,4,2,4,0
No,45,Female,Single,3,Research & Development,Research Scientist,Travel_Rarely,No,2,2274,14,0,1,1,2,3,3,3,0
No,42,Male,Married,3,Research & Development,Manufacturing Director,Travel_Rarely,No,29,4434,13,1,10,9,2,2,2,3,7
No,38,Male,Divorced,3,Research & Development,Healthcare Representative,Travel_Frequently,No,12,6288,15,1,13,4,1,1,2,3,1
No,34,Female,Single,4,Research & Development,Research Scientist,Travel_Frequently,No,16,2553,16,0,6,5,3,4,3,3,1
Yes,49,Female,Married,3,Sales,Sales Executive,Travel_Rarely,No,11,7654,18,2,9,9,3,4,4,3,7
Yes,55,Male,Single,1,Sales,Sales Executive,Travel_Rarely,No,2,5160,16,0,12,9,3,4,2,3,7
No,43,Male,Married,2,Research & Development,Research Director,Travel_Rarely,No,14,17159,24,1,22,4,2,1,3,4,1
No,27,Male,Divorced,1,Research & Development,Research Director,Travel_Rarely,Yes,5,12808,16,1,9,9,3,4,3,3,0
No,35,Male,Single,3,Research & Development,Manufacturing Director,Travel_Rarely,No,7,10221,21,0,17,8,3,3,4,4,1
No,28,Female,Married,4,Sales,Sales Executive,Travel_Rarely,Yes,2,4779,20,0,8,8,2,2,3,4,7
No,34,Male,Married,2,Human Resources,Human Resources,Travel_Rarely,No,3,3737,19,1,4,3,3,4,1,3,0
Yes,26,Female,Married,2,Research & Development,Research Scientist,Travel_Frequently,Yes,5,2366,14,1,8,8,3,3,3,3,1
No,27,Male,Married,3,Research & Development,Research Scientist,Non-Travel,No,3,1706,11,3,0,0,4,4,2,3,0
No,51,Female,Married,4,Sales,Manager,Travel_Rarely,No,26,16307,14,1,29,20,1,3,2,3,4
No,44,Male,Single,3,Research & Development,Healthcare Representative,Travel_Rarely,No,4,5933,12,0,10,5,4,2,2,3,2
No,25,Male,Single,1,Research & Development,Research Scientist,Travel_Rarely,No,2,3424,13,0,6,4,1,1,2,3,0
No,33,Male,Divorced,3,Sales,Sales Executive,Travel_Rarely,No,1,4037,22,1,9,9,1,1,3,4,0
No,35,Female,Single,1,Research & Development,Research Scientist,Travel_Rarely,No,27,2559,11,0,6,6,3,1,2,3,1
No,36,Male,Married,2,Sales,Sales Executive,Travel_Rarely,Yes,1,6201,14,1,18,18,2,4,2,3,4
No,32,Male,Divorced,4,Sales,Sales Executive,Travel_Rarely,No,13,4403,11,1,8,5,2,4,2,3,0
No,30,Male,Divorced,4,Research & Development,Research Scientist,Travel_Frequently,No,5,3761,12,1,10,5,2,4,2,3,0
No,53,Female,Married,2,Sales,Sales Executive,Travel_Rarely,Yes,7,10934,18,1,35,5,1,4,3,3,0
No,45,Male,Divorced,3,Sales,Sales Executive,Travel_Rarely,Yes,9,10761,12,1,18,5,4,1,3,3,0
No,32,Female,Married,2,Research & Development,Research Scientist,Travel_Rarely,No,8,5175,12,1,9,5,3,3,2,3,1
No,52,Female,Married,4,Research & Development,Manufacturing Director,Travel_Frequently,No,25,13826,22,0,31,9,3,4,3,4,0
No,37,Male,Divorced,4,Sales,Sales Executive,Travel_Rarely,No,16,6334,19,2,9,1,4,3,3,3,0
No,28,Male,Divorced,2,Human Resources,Human Resources,Travel_Rarely,No,8,4936,13,1,6,5,2,4,3,3,0
No,22,Male,Married,2,Research & Development,Manufacturing Director,Travel_Rarely,No,1,4775,22,2,4,2,4,4,1,4,2
No,44,Male,Married,4,Research & Development,Laboratory Technician,Travel_Rarely,Yes,8,2818,24,1,10,3,1,4,2,4,0
No,42,Male,Single,1,Research & Development,Research Scientist,Travel_Frequently,Yes,2,2515,14,0,8,2,2,4,3,3,2
No,36,Male,Married,3,Human Resources,Human Resources,Travel_Rarely,No,8,2342,21,0,6,5,1,1,3,4,0
No,25,Male,Married,1,Sales,Sales Executive,Travel_Rarely,Yes,3,4194,18,0,5,5,3,1,3,3,0
No,35,Female,Married,3,Research & Development,Manufacturing Director,Travel_Rarely,Yes,9,10685,20,1,17,17,4,3,3,4,5
Yes,35,Female,Divorced,4,Research & Development,Research Scientist,Travel_Frequently,Yes,25,2022,19,1,10,10,4,2,2,3,7
No,32,Male,Divorced,3,Research & Development,Laboratory Technician,Non-Travel,No,1,2314,12,1,4,3,4,4,3,3,0
No,25,Male,Married,1,Sales,Sales Executive,Travel_Rarely,No,4,4256,12,0,5,5,3,1,4,3,0
No,49,Female,Married,3,Research & Development,Research Scientist,Travel_Rarely,No,1,3580,16,1,7,4,3,1,3,3,0
No,24,Male,Married,1,Research & Development,Laboratory Technician,Non-Travel,No,4,3162,17,0,6,5,1,4,2,3,3
No,32,Male,Married,2,Sales,Sales Executive,Travel_Frequently,No,5,6524,14,1,10,10,2,2,3,3,5
No,38,Male,Married,3,Sales,Sales Representative,Travel_Rarely,No,9,2899,19,1,3,2,2,2,3,3,1
No,42,Female,Married,3,Research & Development,Laboratory Technician,Travel_Rarely,Yes,3,5231,13,1,17,5,3,4,2,3,1
No,31,Male,Married,4,Research & Development,Research Scientist,Travel_Rarely,Yes,11,2356,19,1,8,6,4,4,3,3,0
Yes,29,Female,Divorced,3,Sales,Sales Representative,Travel_Rarely,Yes,1,2800,19,3,5,3,2,3,3,3,0
No,53,Male,Married,3,Sales,Sales Executive,Travel_Rarely,No,8,11836,14,1,28,2,1,4,3,3,2
No,35,Male,Married,3,Research & Development,Manufacturing Director,Travel_Rarely,No,25,10903,16,0,16,13,4,2,3,3,4
No,37,Female,Married,2,Sales,Sales Representative,Travel_Frequently,No,21,2973,15,1,10,5,3,4,3,3,0
No,53,Female,Single,4,Research & Development,Research Director,Travel_Rarely,No,23,14275,18,0,33,12,4,4,3,3,3
No,43,Female,Married,3,Research & Development,Healthcare Representative,Travel_Frequently,No,1,5562,13,1,12,5,4,4,2,3,2
No,47,Female,Married,2,Sales,Sales Executive,Travel_Rarely,Yes,2,4537,22,1,8,7,3,4,3,4,7
No,37,Male,Single,2,Sales,Sales Executive,Non-Travel,Yes,19,7642,13,0,10,10,1,2,3,3,0
No,50,Male,Divorced,4,Research & Development,Manager,Non-Travel,No,2,17924,11,1,31,31,1,1,3,3,14
No,39,Female,Married,3,Human Resources,Human Resources,Travel_Rarely,No,2,5204,11,2,13,5,4,4,3,3,0
No,33,Male,Divorced,2,Human Resources,Human Resources,Travel_Rarely,Yes,3,2277,11,1,7,4,4,2,4,3,0
Yes,32,Male,Single,4,Research & Development,Laboratory Technician,Travel_Rarely,Yes,25,2795,24,0,1,1,1,4,1,4,0
No,29,Female,Divorced,1,Research & Development,Laboratory Technician,Travel_Rarely,No,7,2532,14,3,8,4,1,4,3,3,0
No,44,Male,Married,2,Research & Development,Research Scientist,Travel_Rarely,Yes,9,2559,13,0,8,8,2,1,3,3,7
No,28,Male,Single,4,Sales,Sales Executive,Travel_Rarely,No,5,4908,14,0,4,4,1,4,3,3,0
Yes,58,Male,Divorced,1,Research & Development,Laboratory Technician,Travel_Frequently,Yes,2,2380,14,1,3,1,4,4,2,3,0
No,43,Female,Divorced,3,Research & Development,Manufacturing Director,Travel_Rarely,No,8,4765,21,1,4,1,1,2,4,4,0
Yes,20,Female,Single,3,Sales,Sales Representative,Travel_Rarely,No,2,2044,13,0,2,2,3,3,2,3,0
Yes,21,Female,Single,1,Research & Development,Research Scientist,Travel_Rarely,No,18,2693,19,0,1,1,4,4,2,3,0
No,36,Male,Married,1,Research & Development,Healthcare Representative,Travel_Rarely,Yes,14,6586,17,1,17,16,3,4,2,3,4
No,47,Female,Single,4,Sales,Sales Representative,Travel_Rarely,Yes,2,3294,18,0,3,3,4,4,2,3,1
Yes,22,Female,Married,1,Research & Development,Manufacturing Director,Travel_Rarely,Yes,3,4171,19,1,4,3,2,3,4,3,0
Yes,41,Female,Divorced,4,Research & Development,Laboratory Technician,Travel_Rarely,Yes,2,2778,13,1,10,7,2,4,2,3,1
No,28,Female,Divorced,3,Research & Development,Research Scientist,Travel_Rarely,No,9,2377,18,1,6,2,3,3,3,3,2
Yes,39,Male,Married,3,Research & Development,Laboratory Technician,Travel_Rarely,Yes,6,2404,21,0,8,2,4,1,1,4,2
No,27,Female,Single,3,Research & Development,Research Scientist,Travel_Rarely,No,4,2318,19,0,1,1,2,3,3,3,0
No,34,Male,Divorced,3,Research & Development,Laboratory Technician,Travel_Rarely,No,10,2008,14,2,1,1,2,2,3,3,1
No,42,Female,Single,2,Sales,Sales Executive,Travel_Rarely,No,14,6244,17,0,10,5,3,3,3,3,0
No,33,Male,Single,4,Research & Development,Research Scientist,Travel_Rarely,Yes,1,2799,11,0,6,3,3,1,3,3,0
No,58,Female,Divorced,3,Research & Development,Healthcare Representative,Travel_Rarely,Yes,5,10552,13,1,24,6,3,2,3,3,0
No,31,Male,Married,4,Sales,Sales Representative,Travel_Rarely,No,7,2329,15,0,13,7,2,3,4,3,5
No,35,Female,Married,1,Research & Development,Healthcare Representative,Travel_Rarely,Yes,21,4014,25,1,10,10,4,4,1,4,0
No,49,Female,Married,2,Research & Development,Laboratory Technician,Travel_Rarely,No,8,7403,11,1,29,26,1,2,2,3,1
No,48,Male,Married,4,Research & Development,Research Scientist,Travel_Rarely,No,20,2259,17,2,13,0,4,3,2,3,0
No,31,Female,Married,2,Sales,Sales Executive,Non-Travel,No,20,6932,13,1,9,9,4,3,2,3,0
No,36,Male,Single,4,Research & Development,Research Scientist,Travel_Rarely,No,7,4678,18,0,8,6,2,4,3,3,0
No,38,Female,Married,3,Research & Development,Research Director,Travel_Rarely,No,1,13582,13,1,15,15,4,1,3,3,5
No,32,Female,Married,3,Research & Development,Laboratory Technician,Non-Travel,No,1,2332,20,0,5,3,3,2,3,4,0
Yes,25,Male,Married,2,Sales,Sales Representative,Travel_Rarely,Yes,19,2413,18,3,1,1,3,2,3,3,0
No,40,Male,Divorced,4,Sales,Sales Executive,Travel_Rarely,No,10,9705,12,1,11,1,1,2,2,3,0
No,26,Male,Single,3,Sales,Sales Executive,Travel_Frequently,No,1,4294,12,0,7,7,3,1,3,3,0
No,41,Male,Single,3,Research & Development,Laboratory Technician,Travel_Rarely,Yes,6,4721,13,0,20,18,4,1,3,3,2
No,36,Male,Single,4,Research & Development,Laboratory Technician,Travel_Rarely,No,2,2519,21,0,16,11,3,3,3,4,3
Yes,19,Male,Single,3,Sales,Sales Representative,Travel_Rarely,Yes,21,2121,13,0,1,1,4,2,4,3,0
Yes,20,Male,Single,3,Research & Development,Laboratory Technician,Travel_Rarely,No,4,2973,19,0,1,1,1,1,3,3,0
No,31,Female,Married,3,Research & Development,Healthcare Representative,Travel_Rarely,Yes,12,5855,11,2,10,9,4,4,1,3,8
No,40,Male,Divorced,4,Research & Development,Research Scientist,Travel_Frequently,Yes,9,3617,14,1,3,1,4,2,3,3,0
No,32,Female,Married,4,Research & Development,Manufacturing Director,Travel_Rarely,No,3,6725,12,1,8,8,3,1,4,3,6
Yes,36,Male,Married,1,Sales,Sales Executive,Travel_Rarely,Yes,3,10325,11,1,16,16,3,4,3,3,3
No,33,Female,Single,3,Research & Development,Healthcare Representative,Travel_Rarely,No,1,6949,14,0,6,5,2,4,3,3,1
Yes,37,Male,Married,4,Sales,Sales Executive,Travel_Rarely,No,1,10609,11,0,17,14,1,3,1,3,11
No,45,Male,Married,2,Research & Development,Laboratory Technician,Non-Travel,No,4,4447,12,0,9,9,3,2,2,3,0
No,29,Female,Married,3,Sales,Sales Representative,Travel_Frequently,No,20,2157,15,1,3,3,3,4,3,3,0
No,35,Female,Married,3,Sales,Sales Executive,Travel_Rarely,No,18,4601,16,0,5,5,3,3,3,3,1
No,52,Male,Married,2,Research & Development,Manager,Travel_Rarely,No,1,17099,15,1,26,9,4,4,2,3,7
Yes,58,Male,Single,3,Research & Development,Research Scientist,Travel_Rarely,No,2,2479,24,0,7,1,4,3,3,4,0
No,53,Male,Divorced,2,Sales,Manager,Travel_Rarely,No,2,14852,13,1,22,17,3,3,4,3,15
No,30,Male,Divorced,2,Sales,Sales Executive,Travel_Rarely,No,8,7264,11,1,10,8,3,3,4,3,7
No,38,Female,Single,3,Sales,Sales Executive,Non-Travel,Yes,10,5666,13,0,6,5,3,4,3,3,1
No,35,Male,Divorced,4,Sales,Sales Executive,Travel_Rarely,No,3,7823,13,1,12,10,4,4,3,3,0
No,39,Male,Single,5,Sales,Sales Executive,Travel_Rarely,No,2,7880,18,0,9,8,1,3,3,3,0
Yes,40,Female,Single,3,Sales,Sales Executive,Non-Travel,Yes,24,13194,16,0,22,1,2,2,2,3,0
No,47,Male,Divorced,4,Research & Development,Manufacturing Director,Travel_Frequently,Yes,16,5067,19,0,20,19,3,3,4,3,2
No,36,Male,Divorced,4,Sales,Sales Executive,Non-Travel,No,8,5079,13,2,12,7,1,4,3,3,0
Yes,31,Male,Single,2,Research & Development,Research Scientist,Non-Travel,Yes,9,2321,22,0,4,3,3,1,3,4,1
No,33,Male,Single,3,Sales,Manager,Non-Travel,No,17,17444,11,0,10,10,4,3,3,3,6
Yes,29,Female,Single,3,Research & Development,Research Scientist,Travel_Rarely,Yes,10,2404,20,0,3,0,4,1,3,4,0
No,33,Female,Single,1,Research & Development,Research Scientist,Travel_Rarely,No,13,3452,18,0,5,3,2,4,3,3,0
No,45,Female,Divorced,4,Research & Development,Laboratory Technician,Travel_Rarely,No,1,2270,14,2,8,5,4,4,3,3,0
No,50,Male,Divorced,2,Research & Development,Research Director,Travel_Rarely,No,1,17399,22,1,32,5,4,4,2,4,1
No,33,Female,Married,4,Research & Development,Healthcare Representative,Travel_Frequently,Yes,1,5488,13,1,6,6,3,2,3,3,1
No,41,Male,Divorced,3,Research & Development,Research Director,Travel_Frequently,No,9,19419,17,1,21,18,1,3,4,3,0
No,27,Female,Married,4,Research & Development,Laboratory Technician,Travel_Rarely,No,16,2811,14,1,4,2,3,2,3,3,2
No,45,Male,Married,2,Research & Development,Laboratory Technician,Non-Travel,Yes,23,3633,15,1,9,9,4,1,3,3,0
No,47,Female,Single,2,Sales,Sales Executive,Travel_Rarely,Yes,4,4163,17,0,9,9,4,4,3,3,0
Yes,30,Female,Married,3,Research & Development,Research Scientist,Travel_Rarely,Yes,22,2132,11,0,7,5,1,3,3,3,0
No,50,Male,Married,3,Research & Development,Manufacturing Director,Travel_Rarely,Yes,24,13973,18,1,22,12,4,3,3,3,1
No,38,Male,Married,1,Research & Development,Research Scientist,Travel_Frequently,No,10,2684,17,1,3,2,3,3,2,3,0
No,46,Male,Divorced,2,Research & Development,Manufacturing Director,Travel_Rarely,No,7,10845,13,1,13,8,4,3,3,3,0
No,24,Female,Divorced,1,Research & Development,Manufacturing Director,Travel_Rarely,No,17,4377,15,2,5,4,4,3,3,3,3
Yes,35,Male,Divorced,4,Research & Development,Laboratory Technician,Travel_Rarely,Yes,14,3743,24,1,5,4,3,2,1,4,0
No,31,Female,Married,1,Research & Development,Manufacturing Director,Travel_Frequently,No,1,4148,12,1,4,4,3,1,3,3,0
No,18,Male,Single,2,Research & Development,Research Scientist,Non-Travel,No,5,1051,15,0,0,0,2,4,3,3,0
No,54,Female,Married,3,Research & Development,Manufacturing Director,Travel_Rarely,No,17,10739,11,1,22,10,3,3,3,3,0
No,35,Female,Divorced,4,Research & Development,Healthcare Representative,Travel_Rarely,Yes,25,10388,11,1,16,16,3,3,2,3,10
No,30,Female,Married,2,Research & Development,Research Director,Travel_Rarely,Yes,8,11416,12,3,9,8,2,1,2,3,1
Yes,20,Female,Single,3,Research & Development,Research Scientist,Travel_Rarely,Yes,11,2600,15,0,1,1,4,1,3,3,0
Yes,30,Female,Single,3,Research & Development,Laboratory Technician,Travel_Frequently,No,5,2422,17,0,4,3,2,2,3,3,1
No,26,Male,Married,2,Research & Development,Manufacturing Director,Travel_Rarely,No,2,5472,12,0,8,8,4,4,3,3,1
No,22,Male,Married,1,Research & Development,Laboratory Technician,Travel_Rarely,No,8,2451,15,1,4,4,2,1,2,3,1
No,48,Male,Single,3,Research & Development,Healthcare Representative,Travel_Rarely,No,6,4240,13,0,19,2,1,3,3,3,2
No,48,Male,Single,4,Research & Development,Healthcare Representative,Travel_Rarely,No,4,10999,14,0,27,15,3,3,3,3,4
No,41,Female,Single,2,Research & Development,Manufacturing Director,Travel_Rarely,No,7,5003,14,0,8,2,4,3,3,3,2
No,39,Female,Married,1,Research & Development,Manufacturing Director,Travel_Rarely,No,1,12742,16,1,21,21,4,4,3,3,11
No,27,Female,Married,4,Research & Development,Manufacturing Director,Travel_Rarely,No,2,4227,18,1,4,3,1,4,3,3,2
No,35,Male,Divorced,3,Research & Development,Laboratory Technician,Travel_Rarely,No,10,3917,20,1,3,3,2,4,2,4,1
No,42,Male,Married,2,Sales,Manager,Travel_Rarely,No,5,18303,13,0,21,1,4,3,4,3,0
No,50,Male,Married,3,Research & Development,Laboratory Technician,Travel_Rarely,No,9,2380,18,0,8,1,1,4,3,3,0
No,59,Female,Single,3,Research & Development,Manufacturing Director,Travel_Rarely,Yes,2,13726,13,0,30,5,3,4,3,3,4
Yes,37,Female,Married,2,Research & Development,Healthcare Representative,Travel_Rarely,No,11,4777,15,0,15,1,1,2,1,3,0
No,55,Male,Married,4,Research & Development,Healthcare Representative,Travel_Frequently,Yes,18,6385,14,2,17,8,3,2,3,3,6
No,41,Female,Divorced,1,Research & Development,Research Director,Non-Travel,No,7,19973,22,2,21,21,2,3,3,4,5
No,38,Male,Single,4,Sales,Sales Executive,Travel_Rarely,Yes,3,6861,12,0,19,1,2,4,3,3,0
Yes,26,Male,Single,2,Sales,Sales Executive,Non-Travel,No,29,4969,18,0,7,2,2,1,3,3,2
Yes,52,Female,Married,1,Sales,Manager,Travel_Rarely,No,2,19845,15,1,33,32,1,4,3,3,6
No,44,Female,Married,3,Sales,Sales Executive,Travel_Rarely,Yes,28,13320,18,1,23,12,4,4,3,3,11
No,50,Female,Married,3,Sales,Sales Executive,Non-Travel,No,1,6347,12,1,19,18,4,3,3,3,0
Yes,36,Female,Single,4,Research & Development,Laboratory Technician,Travel_Rarely,No,16,2743,16,0,18,17,3,1,3,3,15
No,39,Female,Single,3,Research & Development,Manufacturing Director,Travel_Frequently,Yes,22,10880,13,0,21,21,4,1,3,3,2
No,33,Female,Single,1,Sales,Sales Representative,Non-Travel,No,8,2342,19,0,3,2,2,4,2,3,2
No,45,Female,Married,2,Sales,Manager,Travel_Rarely,No,11,17650,13,1,26,9,4,4,4,3,1
No,32,Female,Single,4,Research & Development,Laboratory Technician,Non-Travel,No,29,4025,12,0,10,8,4,3,3,3,7
No,34,Male,Divorced,4,Sales,Sales Executive,Travel_Rarely,No,1,9725,11,1,16,15,2,4,2,3,0
No,59,Male,Married,2,Sales,Manager,Travel_Rarely,Yes,1,11904,14,1,14,6,2,4,1,3,0
No,45,Male,Single,4,Human Resources,Human Resources,Travel_Rarely,No,24,2177,16,0,6,6,2,2,3,3,0
No,53,Female,Married,3,Sales,Sales Executive,Travel_Frequently,No,2,7525,12,1,30,15,3,2,3,3,6
Yes,36,Male,Divorced,3,Research & Development,Laboratory Technician,Travel_Rarely,No,15,4834,14,1,9,1,1,3,2,3,0
Yes,26,Male,Married,3,Research & Development,Research Scientist,Travel_Frequently,Yes,2,2042,14,1,6,3,1,1,3,3,1
No,34,Female,Married,4,Sales,Sales Representative,Travel_Rarely,Yes,10,2220,19,1,1,1,3,3,3,3,0
No,28,Male,Married,1,Sales,Sales Representative,Travel_Rarely,No,10,1052,22,0,1,1,4,2,3,4,0
No,38,Male,Married,4,Research & Development,Research Scientist,Travel_Frequently,No,3,2821,16,1,8,2,3,3,3,3,2
No,50,Male,Married,4,Research & Development,Research Director,Travel_Rarely,Yes,2,19237,11,1,29,8,2,3,2,3,7
No,37,Female,Single,3,Research & Development,Healthcare Representative,Travel_Rarely,No,3,4107,15,0,8,4,4,2,2,3,0
No,40,Male,Married,3,Sales,Sales Executive,Travel_Rarely,No,26,8396,14,1,8,7,3,1,2,3,7
No,26,Female,Divorced,1,Research & Development,Research Scientist,Travel_Frequently,No,1,2007,13,2,5,5,1,3,3,3,1
No,46,Male,Divorced,4,Research & Development,Research Director,Travel_Rarely,No,1,19627,17,2,23,2,4,4,3,3,2
No,54,Female,Married,4,Sales,Sales Executive,Travel_Rarely,No,2,10686,11,1,13,9,3,3,3,3,7
No,56,Female,Married,3,Research & Development,Research Scientist,Travel_Frequently,No,9,2942,19,1,18,5,1,3,3,3,0
No,36,Female,Single,5,Research & Development,Manufacturing Director,Travel_Rarely,No,12,8858,11,0,15,14,4,4,2,3,7
No,55,Male,Single,1,Research & Development,Manager,Non-Travel,No,2,16756,15,0,31,9,3,1,4,3,6
No,43,Male,Divorced,3,Sales,Sales Executive,Travel_Rarely,No,25,10798,13,1,18,1,3,4,3,3,0
Yes,20,Female,Single,3,Sales,Sales Representative,Travel_Frequently,Yes,9,2323,14,0,2,2,4,4,3,3,0
Yes,21,Female,Single,3,Research & Development,Laboratory Technician,Travel_Rarely,No,10,1416,13,0,1,1,3,1,2,3,1
No,46,Female,Divorced,4,Research & Development,Research Scientist,Travel_Rarely,Yes,8,4615,23,3,19,16,4,1,3,4,1
Yes,51,Male,Married,4,Research & Development,Research Scientist,Travel_Rarely,Yes,4,2461,12,3,18,10,1,3,4,3,2
Yes,28,Male,Single,2,Research & Development,Healthcare Representative,Non-Travel,No,24,8722,12,0,10,10,2,1,2,3,1
No,26,Male,Married,2,Research & Development,Laboratory Technician,Travel_Rarely,No,1,3955,16,2,6,5,1,1,3,3,1
No,30,Male,Married,3,Research & Development,Manufacturing Director,Travel_Rarely,No,20,9957,15,1,7,6,3,1,2,3,0
No,41,Female,Married,2,Research & Development,Research Scientist,Travel_Rarely,No,7,3376,13,0,10,10,2,3,3,3,0
No,38,Female,Married,1,Research & Development,Healthcare Representative,Travel_Rarely,No,17,8823,18,1,20,19,3,3,2,3,1
No,40,Male,Married,4,Research & Development,Healthcare Representative,Travel_Rarely,No,20,10322,20,1,14,11,1,4,3,4,11
No,27,Male,Married,5,Research & Development,Laboratory Technician,Non-Travel,No,8,4621,19,3,3,3,1,3,3,3,1
No,55,Male,Married,1,Research & Development,Manufacturing Director,Travel_Frequently,No,2,10976,18,1,23,3,4,2,3,3,1
No,28,Female,Single,3,Research & Development,Research Scientist,Travel_Rarely,No,10,3660,13,0,10,8,3,3,4,3,1
Yes,44,Male,Married,2,Human Resources,Human Resources,Travel_Rarely,No,1,10482,14,1,24,20,2,1,3,3,3
No,33,Male,Divorced,3,Research & Development,Healthcare Representative,Travel_Rarely,No,5,7119,15,1,9,3,4,4,3,3,1
Yes,35,Male,Single,3,Sales,Sales Executive,Travel_Rarely,Yes,4,9582,22,0,9,8,4,1,3,4,4
Yes,33,Female,Single,4,Research & Development,Research Scientist,Travel_Frequently,No,29,4508,22,0,14,13,1,3,3,4,3
No,28,Male,Divorced,2,Research & Development,Laboratory Technician,Travel_Rarely,No,15,2207,16,1,4,4,1,3,2,3,2
No,34,Male,Single,1,Research & Development,Healthcare Representative,Travel_Frequently,No,3,7756,17,0,7,6,1,4,2,3,0
No,37,Female,Divorced,4,Sales,Sales Executive,Travel_Rarely,Yes,10,6694,14,3,8,1,4,4,3,3,0
Yes,25,Male,Married,1,Research & Development,Laboratory Technician,Travel_Rarely,Yes,4,3691,15,1,7,7,4,4,4,3,5
Yes,26,Male,Divorced,3,Research & Development,Laboratory Technician,Travel_Rarely,No,21,2377,20,1,1,1,1,3,2,4,0
Yes,33,Male,Single,3,Research & Development,Research Scientist,Travel_Rarely,Yes,25,2313,20,0,5,2,1,2,3,4,2
No,42,Male,Married,2,Research & Development,Manager,Travel_Rarely,No,2,17665,17,1,23,22,4,1,3,3,13
Yes,28,Male,Divorced,3,Research & Development,Laboratory Technician,Travel_Frequently,No,1,2596,15,2,1,1,1,2,3,3,0
Yes,50,Male,Single,4,Sales,Sales Executive,Travel_Frequently,Yes,1,4728,14,0,5,0,4,3,3,3,0
No,33,Female,Married,3,Sales,Sales Executive,Travel_Frequently,No,7,4302,17,1,4,3,4,2,3,3,0
No,34,Male,Married,4,Research & Development,Research Scientist,Non-Travel,No,3,2979,17,3,6,0,3,4,3,3,0
No,48,Male,Single,4,Research & Development,Manager,Non-Travel,No,1,16885,22,0,27,5,1,4,2,4,2
No,45,Female,Married,4,Sales,Sales Executive,Non-Travel,No,9,5593,13,1,15,15,2,3,3,3,4
No,52,Male,Single,4,Research & Development,Healthcare Representative,Travel_Rarely,No,7,10445,19,0,18,8,2,2,3,3,4
No,38,Male,Divorced,4,Sales,Sales Executive,Travel_Rarely,Yes,10,8740,14,2,9,8,3,3,3,3,2
No,29,Female,Divorced,4,Research & Development,Research Scientist,Travel_Rarely,No,28,2514,22,1,11,7,3,4,3,4,1
No,28,Female,Divorced,3,Research & Development,Manufacturing Director,Travel_Rarely,No,3,7655,17,3,10,9,4,2,2,3,1
No,46,Male,Married,1,Sales,Manager,Travel_Rarely,No,3,17465,12,1,23,12,1,3,3,3,4
No,38,Male,Single,2,Sales,Sales Executive,Travel_Rarely,No,2,7351,16,0,10,1,4,2,3,3,0
No,43,Female,Married,3,Research & Development,Manufacturing Director,Travel_Frequently,No,27,10820,11,1,18,8,3,1,3,3,0
Yes,39,Male,Divorced,3,Research & Development,Healthcare Representative,Travel_Frequently,No,2,12169,11,3,21,18,1,4,3,3,11
No,40,Male,Single,3,Research & Development,Research Director,Travel_Rarely,No,14,19626,14,0,21,20,3,3,4,3,4
No,21,Female,Single,1,Research & Development,Research Scientist,Travel_Rarely,Yes,1,2070,11,0,2,2,4,2,4,3,2
No,39,Male,Single,3,Research & Development,Laboratory Technician,Non-Travel,No,9,6782,15,0,9,5,3,2,2,3,0
No,36,Male,Single,4,Research & Development,Manufacturing Director,Non-Travel,No,18,7779,20,0,18,11,1,4,3,4,0
No,31,Male,Married,3,Sales,Sales Representative,Travel_Frequently,No,20,2791,12,1,3,2,3,4,3,3,2
No,28,Male,Married,1,Research & Development,Research Scientist,Travel_Rarely,No,2,3201,17,0,6,5,1,2,1,3,0
No,35,Male,Divorced,2,Sales,Sales Executive,Travel_Frequently,No,11,4968,11,1,5,5,4,4,3,3,0
No,49,Male,Married,4,Sales,Sales Executive,Travel_Rarely,No,8,13120,17,1,22,9,4,2,3,3,2
No,34,Male,Single,2,Research & Development,Manufacturing Director,Travel_Frequently,No,2,4033,11,0,5,3,4,3,2,3,0
No,29,Female,Divorced,3,Research & Development,Research Scientist,Travel_Frequently,No,10,3291,14,2,8,7,4,2,2,3,1
No,42,Male,Single,3,Research & Development,Laboratory Technician,Travel_Rarely,No,29,4272,19,0,16,1,2,4,3,3,0
No,29,Male,Married,1,Research & Development,Manufacturing Director,Travel_Rarely,Yes,8,5056,15,1,10,10,2,4,2,3,1
No,38,Male,Married,3,Human Resources,Human Resources,Travel_Rarely,No,1,2844,13,1,7,7,3,3,4,3,5
No,28,Male,Divorced,3,Research & Development,Research Scientist,Travel_Frequently,Yes,6,2703,14,1,3,3,3,3,3,3,0
Yes,18,Male,Single,1,Research & Development,Laboratory Technician,Non-Travel,No,8,1904,12,0,0,0,3,3,3,3,0
Yes,33,Female,Single,4,Sales,Sales Executive,Travel_Rarely,Yes,9,8224,17,0,6,5,1,1,3,3,0
No,41,Male,Married,4,Research & Development,Laboratory Technician,Travel_Rarely,Yes,12,4766,11,1,6,1,2,4,3,3,0
Yes,31,Male,Married,3,Research & Development,Laboratory Technician,Travel_Frequently,No,15,2610,12,1,2,2,3,3,2,3,2
No,37,Female,Divorced,2,Research & Development,Healthcare Representative,Travel_Rarely,No,25,5731,13,2,9,6,3,4,3,3,1
No,27,Male,Married,3,Research & Development,Research Scientist,Travel_Rarely,No,6,2539,13,1,4,4,4,3,3,3,2
No,34,Female,Married,1,Sales,Sales Executive,Travel_Rarely,No,9,5714,20,0,6,6,2,3,2,4,1
No,35,Male,Single,4,Human Resources,Human Resources,Travel_Rarely,No,8,4323,17,0,6,5,3,3,1,3,1
Yes,29,Female,Married,1,Sales,Sales Executive,Travel_Rarely,No,23,7336,13,1,11,11,4,1,1,3,3
No,40,Female,Single,4,Research & Development,Research Director,Travel_Frequently,No,9,13499,17,0,20,18,2,3,2,3,2
Yes,42,Male,Single,3,Sales,Sales Executive,Travel_Frequently,Yes,12,13758,12,0,22,21,3,1,2,3,13
No,42,Male,Single,4,Sales,Sales Executive,Travel_Rarely,No,4,5155,13,0,9,6,2,1,4,3,1
No,35,Male,Married,4,Research & Development,Laboratory Technician,Travel_Rarely,No,1,2258,12,1,10,8,4,3,3,3,1
No,24,Male,Single,3,Research & Development,Laboratory Technician,Travel_Rarely,No,24,3597,22,0,6,4,4,2,3,4,1
Yes,28,Female,Married,1,Research & Development,Laboratory Technician,Travel_Rarely,Yes,12,2515,11,0,1,1,3,4,2,3,0
No,26,Male,Married,4,Research & Development,Laboratory Technician,Travel_Rarely,No,3,4420,22,1,8,8,1,4,3,4,0
No,30,Male,Married,3,Sales,Sales Executive,Travel_Rarely,No,10,6578,18,1,10,10,3,3,3,3,1
No,40,Female,Married,2,Research & Development,Research Scientist,Travel_Frequently,Yes,26,4422,13,1,16,1,3,4,1,3,0
No,35,Male,Divorced,3,Research & Development,Manufacturing Director,Travel_Rarely,No,2,10274,18,1,15,7,3,2,4,3,6
No,34,Male,Single,3,Research & Development,Healthcare Representative,Travel_Frequently,No,1,5343,20,0,14,13,4,1,3,4,4
No,35,Male,Married,4,Research & Development,Laboratory Technician,Travel_Frequently,No,4,2376,13,1,2,2,4,4,4,3,2
Yes,43,Female,Single,3,Sales,Sales Executive,Travel_Rarely,No,9,5346,13,0,7,4,1,3,2,3,1
No,32,Female,Divorced,1,Sales,Sales Representative,Non-Travel,No,2,2827,12,3,1,1,3,1,3,3,0
No,56,Female,Divorced,4,Research & Development,Manager,Travel_Rarely,No,4,19943,13,1,28,5,4,1,3,3,4
No,29,Female,Married,1,Research & Development,Laboratory Technician,Travel_Rarely,No,6,3131,13,1,10,10,2,4,3,3,0
No,19,Male,Single,2,Research & Development,Research Scientist,Travel_Rarely,No,9,2552,25,0,1,1,3,1,3,4,0
No,45,Female,Married,3,Research & Development,Research Scientist,Travel_Rarely,Yes,7,4477,19,1,7,3,1,3,2,3,0
No,37,Female,Married,3,Research & Development,Manufacturing Director,Travel_Rarely,No,1,6474,13,1,14,14,4,4,2,3,3
No,20,Male,Single,3,Research & Development,Laboratory Technician,Travel_Rarely,No,3,3033,12,0,2,2,1,3,2,3,1
Yes,44,Male,Single,4,Research & Development,Research Scientist,Travel_Rarely,Yes,10,2936,11,0,6,6,3,3,3,3,0
No,53,Female,Divorced,2,Research & Development,Manager,Travel_Rarely,No,7,18606,18,1,26,7,4,3,3,3,4
No,29,Female,Married,1,Research & Development,Research Scientist,Travel_Rarely,Yes,15,2168,18,1,6,5,2,4,2,3,1
Yes,22,Male,Married,4,Research & Development,Research Scientist,Travel_Frequently,Yes,3,2853,11,1,1,0,3,4,3,3,0
No,46,Female,Married,3,Sales,Manager,Travel_Rarely,No,2,17048,23,0,28,26,3,1,3,4,15
No,44,Male,Single,3,Research & Development,Research Scientist,Non-Travel,No,17,2290,13,0,6,0,4,3,3,3,0
No,33,Male,Married,3,Human Resources,Human Resources,Travel_Rarely,No,2,3600,13,1,5,5,2,3,3,3,1
Yes,41,Male,Divorced,2,Research & Development,Research Scientist,Non-Travel,No,5,2107,17,1,5,1,1,1,1,3,0
No,30,Male,Divorced,4,Sales,Sales Executive,Travel_Rarely,No,29,4115,19,3,8,4,3,1,3,3,0
No,40,Male,Married,4,Sales,Sales Executive,Travel_Frequently,No,2,4327,12,3,5,0,2,2,3,3,0
No,50,Female,Married,3,Research & Development,Manager,Travel_Frequently,No,2,17856,22,1,32,2,4,1,3,4,2
No,28,Male,Married,4,Research & Development,Laboratory Technician,Travel_Rarely,No,19,3196,12,3,6,6,4,1,3,3,3
No,46,Male,Married,2,Research & Development,Research Director,Travel_Rarely,No,15,19081,11,1,25,4,4,2,3,3,0
No,35,Male,Married,4,Sales,Sales Executive,Travel_Rarely,Yes,17,8966,15,3,15,7,3,1,3,3,1
Yes,24,Female,Married,2,Research & Development,Laboratory Technician,Travel_Rarely,No,17,2210,13,1,1,1,4,2,1,3,0
No,33,Female,Married,3,Sales,Sales Executive,Travel_Frequently,No,25,4539,12,1,10,10,2,3,2,3,0
No,36,Male,Divorced,4,Research & Development,Laboratory Technician,Travel_Rarely,No,6,2741,14,1,7,7,3,3,3,3,1
No,30,Male,Divorced,4,Research & Development,Laboratory Technician,Travel_Rarely,No,7,3491,13,3,10,10,3,3,2,3,8
No,44,Male,Single,4,Research & Development,Research Scientist,Travel_Rarely,No,29,4541,25,0,20,20,4,4,3,4,13
No,20,Male,Single,3,Sales,Sales Representative,Travel_Rarely,No,21,2678,17,0,2,2,3,4,3,3,2
No,46,Male,Divorced,4,Research & Development,Manufacturing Director,Travel_Rarely,No,2,7379,11,1,12,6,4,4,2,3,1
No,42,Male,Married,5,Human Resources,Human Resources,Non-Travel,No,2,6272,16,1,10,4,4,1,4,3,0
No,60,Male,Divorced,4,Sales,Sales Executive,Travel_Rarely,Yes,7,5220,18,1,12,11,2,4,3,3,1
No,32,Female,Married,3,Research & Development,Laboratory Technician,Travel_Frequently,No,13,2743,20,1,2,2,3,2,3,4,2
No,32,Female,Single,2,Research & Development,Research Scientist,Travel_Frequently,Yes,2,4998,14,0,10,8,4,3,3,3,0
No,36,Female,Divorced,3,Research & Development,Manufacturing Director,Travel_Rarely,Yes,1,10252,21,1,17,7,3,1,3,4,7
No,33,Male,Married,3,Research & Development,Research Scientist,Travel_Rarely,No,9,2781,13,1,15,14,1,4,3,3,4
No,40,Female,Divorced,3,Sales,Sales Executive,Travel_Rarely,No,10,6852,12,1,7,5,2,2,4,3,1
No,25,Male,Single,4,Sales,Sales Executive,Travel_Rarely,No,10,4950,14,0,5,4,3,4,3,3,1
No,30,Male,Married,3,Research & Development,Research Scientist,Travel_Rarely,Yes,1,3579,21,1,12,11,4,2,3,4,5
No,42,Female,Married,5,Research & Development,Research Director,Travel_Frequently,Yes,26,13191,17,0,20,1,1,1,3,3,0
No,35,Female,Married,2,Sales,Sales Executive,Non-Travel,Yes,8,10377,11,1,16,13,3,4,2,3,4
No,27,Male,Married,3,Research & Development,Research Scientist,Travel_Rarely,Yes,14,2235,14,2,9,9,1,1,2,3,6
No,54,Female,Divorced,4,Research & Development,Manufacturing Director,Travel_Frequently,No,1,10502,17,1,33,5,4,3,1,3,1
No,44,Female,Married,1,Research & Development,Research Scientist,Travel_Rarely,No,2,2011,13,1,10,10,1,4,3,3,7
Yes,19,Female,Single,3,Research & Development,Research Scientist,Non-Travel,Yes,10,1859,25,0,1,1,1,2,4,4,0
No,29,Female,Divorced,3,Research & Development,Research Scientist,Travel_Rarely,No,1,3760,15,3,3,3,1,4,3,3,1
No,54,Male,Married,3,Research & Development,Research Director,Travel_Rarely,No,3,17779,14,0,36,10,4,4,3,3,0
No,31,Male,Married,2,Research & Development,Healthcare Representative,Travel_Rarely,Yes,11,6833,12,0,6,6,3,1,2,3,0
No,31,Female,Single,3,Research & Development,Healthcare Representative,Travel_Rarely,No,24,6812,19,0,10,10,3,1,3,3,1
No,59,Female,Single,3,Sales,Sales Executive,Travel_Rarely,No,3,5171,17,0,13,6,3,4,3,3,0
No,43,Male,Married,3,Research & Development,Research Director,Travel_Rarely,No,3,19740,14,1,25,8,3,4,3,3,0
No,49,Male,Married,2,Research & Development,Manager,Travel_Rarely,No,4,18711,13,1,23,1,1,3,4,3,0
No,36,Male,Married,3,Research & Development,Research Scientist,Travel_Frequently,No,3,3692,12,0,12,11,3,2,2,3,0
No,48,Male,Single,2,Research & Development,Laboratory Technician,Travel_Rarely,No,2,2559,11,0,7,1,4,2,2,3,0
No,27,Male,Divorced,2,Research & Development,Research Scientist,Travel_Rarely,No,4,2517,11,3,5,5,1,3,3,3,0
No,29,Male,Divorced,3,Research & Development,Healthcare Representative,Travel_Rarely,Yes,7,6623,11,2,6,6,3,4,3,3,1
No,48,Male,Single,3,Research & Development,Research Director,Travel_Rarely,No,1,18265,12,0,25,1,4,4,4,3,0
No,29,Female,Divorced,3,Research & Development,Research Director,Travel_Rarely,No,1,16124,14,2,9,7,4,4,2,3,1
No,34,Female,Married,3,Research & Development,Research Scientist,Travel_Rarely,No,20,2585,17,0,2,1,3,3,2,3,0
No,44,Male,Married,3,Sales,Manager,Travel_Rarely,No,5,18213,11,1,26,22,2,2,3,3,3
No,33,Male,Divorced,5,Sales,Sales Executive,Travel_Rarely,Yes,10,8380,14,2,10,9,4,3,3,3,0
No,19,Female,Single,3,Research & Development,Research Scientist,Travel_Rarely,Yes,25,2994,12,0,1,1,2,4,3,3,0
No,23,Male,Married,2,Research & Development,Research Scientist,Travel_Rarely,No,1,1223,22,1,1,1,4,3,3,4,0
Yes,25,Male,Single,1,Sales,Sales Representative,Travel_Frequently,Yes,24,1118,14,0,1,1,3,4,3,3,1
No,26,Male,Single,2,Research & Development,Research Scientist,Travel_Rarely,Yes,4,2875,20,0,8,8,3,4,2,4,2
Yes,45,Female,Single,3,Sales,Manager,Travel_Rarely,Yes,2,18824,16,0,26,24,1,2,3,3,1
No,55,Male,Divorced,1,Research & Development,Healthcare Representative,Non-Travel,Yes,8,13577,15,1,34,33,4,2,3,3,15
Yes,21,Female,Single,2,Research & Development,Laboratory Technician,Travel_Frequently,No,10,2625,20,0,2,2,1,3,1,4,2
No,46,Female,Married,2,Sales,Manager,Travel_Rarely,No,4,18789,14,1,26,11,4,2,3,3,0
No,34,Female,Single,3,Sales,Sales Executive,Travel_Rarely,Yes,2,4538,12,0,4,3,3,1,3,3,0
No,51,Male,Divorced,3,Sales,Manager,Travel_Frequently,Yes,9,19847,24,1,31,29,4,2,2,4,11
No,59,Male,Single,4,Research & Development,Manufacturing Director,Travel_Rarely,No,18,10512,12,0,25,9,4,4,2,3,5
No,34,Female,Divorced,3,Research & Development,Laboratory Technician,Travel_Frequently,No,19,4444,13,2,15,11,3,2,4,3,5
No,28,Male,Single,4,Research & Development,Laboratory Technician,Travel_Frequently,Yes,1,2154,11,0,5,4,4,3,2,3,0
No,44,Male,Divorced,2,Research & Development,Manager,Travel_Rarely,No,4,19190,14,2,26,25,3,1,2,3,14
No,34,Male,Married,3,Human Resources,Human Resources,Travel_Frequently,No,11,4490,11,2,14,10,3,2,4,3,1
No,35,Male,Married,1,Research & Development,Research Scientist,Travel_Rarely,Yes,6,3506,14,0,4,3,3,3,3,3,2
No,42,Female,Married,4,Research & Development,Research Scientist,Travel_Rarely,Yes,7,2372,16,0,18,1,2,2,3,3,0
No,43,Female,Single,4,Sales,Sales Executive,Travel_Rarely,No,4,10231,14,0,23,21,4,4,4,3,15
No,36,Female,Single,4,Research & Development,Manufacturing Director,Travel_Rarely,Yes,2,5410,11,0,18,16,3,2,3,3,5
Yes,44,Female,Married,3,Research & Development,Healthcare Representative,Travel_Rarely,No,15,7978,11,1,10,10,1,4,3,3,0
No,28,Male,Married,3,Research & Development,Laboratory Technician,Travel_Frequently,Yes,2,3867,12,1,2,2,4,4,3,3,2
No,51,Female,Single,2,Research & Development,Laboratory Technician,Travel_Frequently,No,6,2838,14,0,8,7,2,3,2,3,7
No,30,Female,Single,2,Research & Development,Manufacturing Director,Non-Travel,Yes,9,4695,18,0,10,8,3,3,3,3,1
Yes,29,Female,Divorced,3,Research & Development,Laboratory Technician,Travel_Rarely,Yes,7,3339,13,2,10,7,2,3,3,3,7
No,28,Male,Single,3,Research & Development,Research Scientist,Travel_Rarely,No,1,2080,11,0,5,3,4,1,2,3,1
No,25,Female,Single,3,Research & Development,Research Scientist,Travel_Rarely,No,1,2096,18,0,2,2,4,2,2,3,2
No,32,Male,Married,3,Sales,Sales Executive,Travel_Rarely,No,8,6209,15,2,10,10,3,4,4,3,0
No,45,Female,Single,3,Research & Development,Manager,Travel_Frequently,No,25,18061,22,0,22,0,2,2,3,4,0
No,39,Female,Divorced,4,Research & Development,Manager,Travel_Rarely,Yes,13,17123,13,2,21,19,3,2,3,3,15
No,58,Male,Divorced,4,Research & Development,Research Scientist,Travel_Rarely,No,23,2372,12,2,2,2,1,3,3,3,2
Yes,32,Male,Married,2,Research & Development,Laboratory Technician,Travel_Rarely,No,7,4883,18,1,10,10,4,3,3,3,1
Yes,39,Male,Single,3,Research & Development,Research Scientist,Travel_Rarely,No,23,3904,13,0,6,5,3,1,3,3,0
No,30,Female,Married,3,Research & Development,Laboratory Technician,Travel_Rarely,No,6,4627,12,1,10,9,1,4,3,3,6
No,36,Female,Married,4,Research & Development,Healthcare Representative,Travel_Rarely,No,10,7094,12,0,10,7,4,3,3,3,1
No,46,Female,Single,2,Human Resources,Human Resources,Travel_Rarely,No,1,3423,12,0,10,7,4,1,4,3,5
No,28,Female,Married,3,Research & Development,Laboratory Technician,Non-Travel,No,1,6674,11,3,10,9,3,4,3,3,7
No,50,Female,Married,3,Research & Development,Research Director,Travel_Rarely,Yes,28,16880,11,0,25,3,4,1,3,3,1
Yes,40,Male,Single,4,Sales,Sales Executive,Travel_Rarely,Yes,25,9094,12,0,9,5,4,2,3,3,1
Yes,52,Male,Single,3,Sales,Sales Executive,Travel_Rarely,Yes,5,8446,19,0,10,8,2,2,2,3,7
No,30,Female,Married,4,Research & Development,Manager,Travel_Rarely,Yes,17,11916,23,2,9,9,2,1,3,4,0
No,39,Male,Single,2,Research & Development,Manufacturing Director,Travel_Rarely,No,18,4534,11,0,9,8,1,3,3,3,1
No,31,Female,Divorced,4,Sales,Sales Executive,Non-Travel,Yes,2,9852,19,1,10,10,4,3,2,3,9
No,41,Male,Single,2,Sales,Sales Executive,Non-Travel,No,10,6151,13,0,19,19,3,2,3,3,11
Yes,31,Female,Single,3,Sales,Sales Representative,Travel_Frequently,Yes,1,2302,11,0,3,3,4,2,4,3,2
Yes,44,Male,Married,3,Research & Development,Laboratory Technician,Travel_Rarely,No,3,2362,12,0,10,3,1,1,4,3,1
No,42,Male,Married,1,Research & Development,Manager,Non-Travel,Yes,2,17861,13,0,21,20,3,3,2,3,2
No,55,Female,Married,2,Research & Development,Manager,Travel_Rarely,No,2,19187,14,1,23,19,4,3,3,3,9
No,56,Male,Single,4,Human Resources,Manager,Travel_Rarely,No,8,19717,14,0,36,7,4,2,3,3,7
No,40,Male,Divorced,2,Research & Development,Research Scientist,Non-Travel,No,16,3544,16,1,6,4,3,3,3,3,0
No,34,Male,Divorced,3,Research & Development,Healthcare Representative,Travel_Rarely,No,9,8500,11,1,10,9,4,4,2,3,1
No,40,Male,Single,3,Research & Development,Research Scientist,Travel_Rarely,No,2,4661,13,0,9,9,3,4,3,3,8
No,41,Female,Divorced,3,Sales,Sales Executive,Travel_Frequently,No,1,4103,17,1,10,9,3,1,3,3,1
No,35,Male,Single,4,Research & Development,Research Scientist,Travel_Frequently,Yes,4,4249,11,0,9,9,3,3,3,3,1
No,51,Male,Divorced,3,Human Resources,Manager,Travel_Rarely,Yes,5,14026,11,1,33,33,3,2,3,3,0
No,38,Female,Divorced,2,Sales,Sales Executive,Travel_Rarely,No,2,6893,15,1,11,7,2,1,3,3,1
No,34,Female,Single,2,Sales,Sales Executive,Travel_Rarely,No,15,6125,12,0,10,10,3,1,4,3,9
No,25,Male,Married,1,Research & Development,Laboratory Technician,Travel_Rarely,No,19,3669,11,3,7,3,4,4,2,3,1
Yes,58,Female,Married,4,Research & Development,Manufacturing Director,Travel_Rarely,Yes,7,10008,14,0,31,10,3,1,2,3,5
No,40,Male,Married,4,Research & Development,Laboratory Technician,Travel_Rarely,No,1,2387,22,1,7,4,2,2,3,4,0
No,36,Female,Married,3,Sales,Sales Executive,Travel_Frequently,No,7,4639,16,1,17,15,1,1,2,3,6
No,48,Male,Single,3,Research & Development,Manufacturing Director,Travel_Rarely,No,4,7898,11,0,11,10,4,4,3,3,0
No,27,Female,Married,3,Sales,Sales Representative,Travel_Rarely,No,11,2534,14,1,5,1,3,4,3,3,0
No,51,Female,Single,2,Research & Development,Manufacturing Director,Travel_Rarely,No,11,13142,16,0,29,5,4,2,2,3,0
No,18,Female,Single,3,Research & Development,Laboratory Technician,Non-Travel,No,1,1611,15,0,0,0,4,4,4,3,0
No,35,Female,Married,3,Research & Development,Laboratory Technician,Travel_Rarely,No,1,5363,12,1,10,9,4,4,3,3,0
No,27,Male,Single,1,Sales,Sales Executive,Travel_Frequently,No,2,5071,20,0,8,6,4,4,3,4,0
Yes,55,Male,Single,4,Sales,Sales Executive,Travel_Rarely,Yes,13,13695,17,0,24,19,1,3,2,3,3
No,56,Male,Married,3,Research & Development,Manufacturing Director,Travel_Rarely,Yes,23,13402,12,1,33,19,4,2,3,3,15
No,34,Female,Divorced,1,Research & Development,Research Scientist,Non-Travel,No,26,2029,20,3,5,5,1,3,3,4,0
No,40,Female,Divorced,1,Research & Development,Healthcare Representative,Travel_Rarely,No,2,6377,20,3,15,12,2,3,3,4,11
No,34,Male,Married,3,Research & Development,Laboratory Technician,Travel_Rarely,No,29,5429,13,2,10,8,2,3,3,3,7
Yes,31,Female,Single,3,Sales,Sales Representative,Travel_Frequently,No,2,2785,14,0,3,1,3,4,4,3,0
Yes,35,Female,Married,4,Sales,Sales Executive,Travel_Frequently,Yes,18,4614,18,1,5,4,4,3,2,3,3
No,38,Male,Divorced,3,Research & Development,Research Scientist,Travel_Frequently,No,7,2610,11,3,4,4,4,3,3,3,0
No,34,Female,Single,4,Research & Development,Healthcare Representative,Travel_Rarely,No,2,6687,11,0,14,14,3,4,4,3,4
No,28,Male,Married,3,Sales,Sales Executive,Travel_Rarely,No,26,4724,11,1,5,5,3,1,3,3,0
Yes,31,Male,Married,4,Research & Development,Manufacturing Director,Travel_Rarely,Yes,22,6179,15,2,10,10,4,3,2,3,6
No,39,Male,Married,4,Sales,Sales Executive,Travel_Rarely,Yes,21,6120,12,2,8,5,1,4,4,3,1
No,51,Male,Married,3,Sales,Sales Executive,Travel_Frequently,No,2,10596,11,0,14,4,2,2,3,3,3
No,41,Female,Divorced,3,Research & Development,Research Scientist,Travel_Frequently,Yes,22,5467,14,2,12,6,4,4,2,3,3
No,37,Male,Married,1,Research & Development,Research Scientist,Travel_Rarely,Yes,4,2996,15,0,8,6,3,3,3,3,1
No,33,Male,Married,1,Sales,Sales Executive,Travel_Frequently,No,5,9998,13,0,8,5,2,4,4,3,1
No,32,Male,Married,1,Sales,Sales Executive,Travel_Rarely,Yes,2,4078,13,3,4,3,3,2,2,3,1
No,39,Male,Married,2,Research & Development,Healthcare Representative,Non-Travel,No,25,10920,21,1,13,6,3,3,3,4,0
No,25,Male,Married,1,Sales,Sales Executive,Travel_Rarely,No,18,6232,11,0,6,3,1,3,2,3,1
No,52,Female,Married,2,Research & Development,Manufacturing Director,Travel_Frequently,Yes,28,13247,11,1,24,5,4,3,2,3,0
No,43,Female,Single,3,Research & Development,Research Scientist,Travel_Rarely,Yes,6,4081,14,0,20,20,1,3,1,3,1
No,27,Female,Married,3,Sales,Sales Executive,Travel_Rarely,Yes,10,5769,11,0,6,6,4,4,3,3,4
Yes,27,Female,Single,4,Research & Development,Research Scientist,Travel_Rarely,Yes,17,2394,13,0,8,8,4,3,3,3,7
No,26,Male,Single,1,Research & Development,Research Scientist,Travel_Rarely,No,2,3904,12,0,5,4,1,4,3,3,1
No,42,Female,Married,3,Human Resources,Manager,Travel_Rarely,No,10,16799,14,1,21,20,3,1,3,3,0
No,52,Female,Married,4,Research & Development,Laboratory Technician,Travel_Rarely,No,8,2950,13,0,12,5,3,1,1,3,0
No,37,Female,Single,3,Research & Development,Laboratory Technician,Travel_Rarely,No,11,3629,18,0,8,3,1,3,3,3,0
No,35,Male,Single,2,Research & Development,Manufacturing Director,Travel_Frequently,No,18,9362,11,0,10,2,3,4,3,3,2
No,25,Male,Married,3,Research & Development,Laboratory Technician,Travel_Rarely,No,1,3229,11,1,7,3,1,4,2,3,0
No,26,Male,Single,3,Research & Development,Laboratory Technician,Travel_Rarely,No,7,3578,12,0,8,7,3,1,3,3,0
No,29,Male,Single,3,Human Resources,Human Resources,Travel_Rarely,No,17,7988,13,0,10,10,2,1,2,3,0
Yes,49,Male,Single,2,Research & Development,Laboratory Technician,Travel_Frequently,No,28,4284,20,0,20,4,1,1,3,4,1
Yes,29,Female,Single,1,Research & Development,Healthcare Representative,Travel_Frequently,Yes,14,7553,12,0,9,8,3,4,3,3,7
No,54,Female,Single,3,Research & Development,Research Director,Travel_Rarely,No,1,17328,19,0,29,20,4,4,2,3,12
No,58,Female,Married,3,Research & Development,Research Director,Travel_Rarely,Yes,1,19701,21,1,32,9,4,1,3,4,1
No,55,Male,Divorced,4,Research & Development,Research Director,Travel_Rarely,No,1,14732,13,2,31,7,2,4,4,3,0
No,36,Female,Single,4,Sales,Sales Executive,Travel_Rarely,Yes,3,9278,16,0,15,5,1,2,3,3,0
Yes,31,Female,Single,4,Sales,Sales Representative,Travel_Frequently,No,1,1359,12,0,1,1,2,3,3,3,0
No,30,Female,Divorced,4,Sales,Sales Executive,Travel_Rarely,No,7,4779,14,2,8,3,4,1,3,3,0
No,31,Female,Single,5,Research & Development,Research Director,Travel_Rarely,No,8,16422,11,0,9,3,1,2,4,3,1
No,34,Male,Divorced,4,Research & Development,Research Scientist,Travel_Frequently,No,1,2996,14,2,10,4,4,1,3,3,1
Yes,31,Female,Single,3,Research & Development,Research Scientist,Travel_Rarely,No,8,1261,12,0,1,1,1,2,4,3,0
No,27,Male,Married,1,Research & Development,Laboratory Technician,Travel_Rarely,No,11,2099,14,0,6,5,2,1,4,3,1
No,36,Male,Single,4,Research & Development,Laboratory Technician,Travel_Rarely,No,4,5810,16,0,10,10,1,4,2,3,1
No,36,Female,Married,4,Sales,Sales Executive,Travel_Rarely,No,16,5647,13,2,11,3,3,1,2,3,0
No,47,Male,Married,3,Research & Development,Research Scientist,Travel_Rarely,No,1,3420,12,1,17,6,1,4,2,3,1
Yes,25,Male,Married,2,Sales,Sales Representative,Travel_Rarely,No,9,4400,12,0,6,3,1,1,3,3,2
No,37,Male,Single,2,Research & Development,Laboratory Technician,Non-Travel,No,5,3500,14,0,7,6,3,3,1,3,1
No,56,Female,Married,2,Research & Development,Research Scientist,Travel_Rarely,No,1,2066,22,1,5,3,1,1,4,4,1
No,47,Female,Married,4,Research & Development,Research Director,Travel_Rarely,No,2,17169,19,2,26,20,1,3,4,3,5
No,24,Female,Married,1,Sales,Sales Executive,Travel_Rarely,Yes,4,4162,12,2,5,5,4,3,3,3,0
No,32,Male,Married,5,Sales,Sales Executive,Travel_Rarely,No,7,9204,12,1,7,4,4,4,2,3,0
No,34,Female,Married,3,Research & Development,Laboratory Technician,Travel_Rarely,No,1,3294,17,1,7,5,4,2,2,3,0
No,41,Male,Married,5,Research & Development,Research Scientist,Travel_Rarely,Yes,5,2127,12,0,7,4,2,3,2,3,0
No,40,Male,Divorced,4,Research & Development,Laboratory Technician,Non-Travel,No,9,3975,11,2,11,8,3,3,4,3,0
No,31,Male,Divorced,2,Sales,Sales Executive,Travel_Rarely,No,8,10793,18,1,13,13,1,4,3,3,9
Yes,46,Male,Divorced,3,Sales,Sales Executive,Travel_Rarely,No,9,10096,11,1,28,7,1,4,4,3,4
Yes,39,Female,Single,3,Research & Development,Laboratory Technician,Non-Travel,Yes,2,3646,23,0,11,1,1,1,4,4,0
Yes,31,Female,Single,5,Research & Development,Manufacturing Director,Travel_Frequently,No,1,7446,11,0,10,10,3,2,3,3,4
No,45,Male,Divorced,3,Research & Development,Healthcare Representative,Travel_Rarely,Yes,20,10851,18,1,24,7,2,1,3,3,0
No,31,Female,Single,2,Human Resources,Human Resources,Travel_Rarely,No,8,2109,18,0,8,3,4,2,3,3,0
Yes,31,Male,Married,3,Research & Development,Laboratory Technician,Travel_Frequently,Yes,2,3722,13,1,7,2,2,4,1,3,2
No,45,Male,Married,3,Research & Development,Manufacturing Director,Travel_Rarely,Yes,29,9380,18,2,10,3,2,4,4,3,1
No,48,Male,Divorced,3,Sales,Sales Executive,Travel_Rarely,No,7,5486,11,3,15,2,3,1,3,3,2
Yes,34,Female,Married,4,Human Resources,Human Resources,Travel_Rarely,No,9,2742,15,0,2,2,1,3,3,3,2
No,40,Male,Divorced,1,Research & Development,Research Director,Non-Travel,No,8,13757,11,1,16,9,4,2,3,3,4
No,28,Male,Single,3,Sales,Sales Executive,Travel_Rarely,No,5,8463,18,0,6,5,4,1,3,3,1
No,44,Male,Single,3,Research & Development,Laboratory Technician,Non-Travel,No,5,3162,14,0,7,5,3,3,3,3,0
No,53,Male,Single,3,Research & Development,Research Director,Travel_Rarely,No,2,16598,12,0,35,9,4,2,2,3,8
No,49,Male,Married,4,Research & Development,Healthcare Representative,Travel_Rarely,No,5,6651,14,1,20,3,1,3,2,3,1
No,40,Male,Divorced,3,Research & Development,Research Scientist,Travel_Rarely,No,2,2345,14,1,8,3,3,3,4,3,1
No,44,Male,Single,3,Research & Development,Research Scientist,Travel_Rarely,No,20,3420,13,0,6,5,4,2,2,3,1
No,33,Male,Married,3,Sales,Sales Executive,Travel_Frequently,No,7,4373,14,2,5,4,4,1,3,3,0
No,34,Male,Single,3,Sales,Sales Executive,Travel_Rarely,No,3,4759,18,0,15,13,4,1,3,3,3
No,30,Male,Married,1,Sales,Sales Executive,Travel_Rarely,No,16,5301,15,2,4,2,4,3,2,3,2
No,42,Female,Single,2,Research & Development,Laboratory Technician,Travel_Frequently,No,9,3673,13,0,12,12,1,4,3,3,5
No,44,Female,Married,5,Sales,Sales Executive,Travel_Frequently,No,1,4768,12,1,11,1,1,3,2,3,0
No,30,Male,Divorced,3,Research & Development,Research Scientist,Non-Travel,No,7,1274,13,2,1,1,3,3,2,3,0
No,57,Male,Married,2,Research & Development,Research Scientist,Travel_Rarely,No,1,4900,24,1,13,12,2,3,2,4,2
No,49,Male,Divorced,4,Research & Development,Healthcare Representative,Travel_Rarely,No,7,10466,14,2,29,8,3,2,3,3,0
No,34,Male,Divorced,3,Research & Development,Research Director,Travel_Frequently,No,15,17007,14,2,16,14,2,1,2,3,6
Yes,28,Male,Married,3,Sales,Sales Representative,Travel_Frequently,No,1,2909,15,1,5,3,1,3,4,3,1
Yes,29,Female,Single,3,Sales,Sales Executive,Travel_Frequently,No,13,5765,11,0,7,5,1,2,1,3,0
Yes,34,Female,Single,4,Sales,Sales Executive,Travel_Rarely,Yes,24,4599,23,0,16,15,1,2,4,4,10
No,35,Male,Married,1,Sales,Sales Representative,Travel_Rarely,No,7,2404,13,1,1,1,4,3,3,3,0
Yes,24,Male,Single,3,Research & Development,Laboratory Technician,Travel_Frequently,Yes,9,3172,11,0,4,0,2,1,2,3,0
No,24,Female,Married,2,Sales,Sales Representative,Non-Travel,No,13,2033,13,1,1,1,4,2,3,3,0
No,44,Male,Single,1,Research & Development,Manufacturing Director,Travel_Frequently,Yes,2,10209,18,0,16,2,2,3,2,3,2
No,29,Male,Divorced,3,Sales,Sales Executive,Travel_Rarely,No,19,8620,14,2,10,10,3,3,3,3,0
No,30,Male,Divorced,3,Human Resources,Human Resources,Travel_Rarely,No,1,2064,21,1,6,5,3,3,4,4,1
No,55,Male,Married,4,Research & Development,Healthcare Representative,Travel_Rarely,Yes,4,4035,16,0,4,3,4,3,3,3,1
No,33,Female,Married,4,Research & Development,Laboratory Technician,Travel_Rarely,No,4,3838,11,0,8,5,1,2,3,3,0
No,47,Female,Married,3,Sales,Sales Executive,Travel_Rarely,Yes,14,4591,17,1,11,5,3,3,2,3,1
Yes,28,Male,Single,2,Research & Development,Laboratory Technician,Travel_Frequently,No,2,2561,11,0,8,0,3,1,2,3,0
No,28,Male,Divorced,3,Research & Development,Research Scientist,Travel_Rarely,No,1,1563,14,1,1,1,1,3,1,3,0
No,28,Male,Single,3,Sales,Sales Executive,Travel_Frequently,No,7,4898,14,0,5,4,3,1,3,3,1
No,49,Female,Married,2,Research & Development,Laboratory Technician,Travel_Rarely,No,3,4789,25,1,10,3,3,1,3,4,1
No,29,Female,Married,1,Research & Development,Laboratory Technician,Travel_Frequently,No,2,3180,13,3,4,3,4,2,3,3,0
No,28,Male,Married,1,Research & Development,Manufacturing Director,Travel_Rarely,No,29,6549,14,2,8,8,3,2,2,3,1
No,33,Male,Single,5,Research & Development,Healthcare Representative,Travel_Rarely,Yes,8,6388,17,0,14,0,4,3,3,3,0
No,32,Male,Single,3,Research & Development,Manager,Travel_Rarely,No,10,11244,25,0,10,5,3,4,4,4,0
No,54,Female,Divorced,4,Research & Development,Manager,Travel_Frequently,No,11,16032,20,1,26,14,2,4,3,4,1
Yes,29,Male,Single,4,Research & Development,Research Scientist,Travel_Rarely,No,1,2362,13,0,11,9,1,1,1,3,0
No,44,Male,Married,3,Research & Development,Research Director,Travel_Rarely,No,28,16328,13,1,24,20,4,1,4,3,14
No,39,Female,Single,3,Research & Development,Manufacturing Director,Travel_Rarely,No,6,8376,18,0,9,2,2,2,3,3,2
No,46,Female,Married,3,Sales,Manager,Travel_Rarely,No,3,16606,12,1,23,13,3,2,4,3,5
No,35,Female,Single,3,Research & Development,Healthcare Representative,Travel_Rarely,No,16,8606,19,0,11,11,4,2,1,3,3
No,23,Male,Single,1,Research & Development,Laboratory Technician,Travel_Rarely,No,20,2272,14,0,5,4,1,3,3,3,1
Yes,40,Male,Single,4,Research & Development,Laboratory Technician,Travel_Rarely,No,9,2018,14,0,15,5,4,1,1,3,1
No,34,Male,Married,3,Sales,Sales Executive,Travel_Rarely,Yes,1,7083,14,0,10,10,4,3,3,3,8
Yes,31,Female,Single,3,Research & Development,Research Scientist,Travel_Frequently,No,3,4084,12,0,7,7,4,3,1,3,7
No,50,Male,Single,5,Research & Development,Research Director,Travel_Frequently,Yes,22,14411,13,0,32,32,3,4,3,3,13
No,34,Male,Married,2,Sales,Sales Representative,Travel_Rarely,Yes,7,2308,25,1,12,11,2,3,3,4,5
No,42,Male,Married,3,Research & Development,Laboratory Technician,Travel_Rarely,No,2,4841,14,1,4,1,3,2,3,3,0
No,37,Male,Married,3,Research & Development,Research Scientist,Travel_Rarely,No,13,4285,17,0,10,10,1,4,3,3,3
No,29,Female,Married,1,Research & Development,Healthcare Representative,Travel_Rarely,No,8,9715,13,1,9,7,3,1,3,3,0
No,33,Male,Single,3,Research & Development,Manufacturing Director,Travel_Rarely,No,25,4320,13,0,5,5,4,2,3,3,0
No,45,Male,Married,3,Research & Development,Research Scientist,Travel_Rarely,No,28,2132,20,1,8,5,4,4,3,4,0
No,42,Male,Married,3,Research & Development,Healthcare Representative,Travel_Frequently,Yes,2,10124,14,1,24,20,4,4,1,3,13
No,40,Male,Married,2,Sales,Sales Executive,Travel_Rarely,No,9,5473,12,0,9,8,1,1,4,3,7
No,33,Male,Married,4,Research & Development,Laboratory Technician,Travel_Rarely,Yes,28,5207,12,1,15,15,2,3,3,3,5
No,40,Male,Single,2,Human Resources,Manager,Travel_Rarely,Yes,6,16437,21,0,21,21,3,4,3,4,7
No,24,Male,Divorced,2,Research & Development,Laboratory Technician,Travel_Rarely,No,21,2296,14,3,2,1,3,1,3,3,0
No,40,Male,Divorced,2,Research & Development,Healthcare Representative,Non-Travel,Yes,8,4069,18,0,8,2,4,4,3,3,2
No,45,Male,Divorced,4,Research & Development,Healthcare Representative,Travel_Rarely,No,1,7441,12,3,10,10,1,2,3,3,7
No,35,Female,Married,4,Sales,Sales Representative,Travel_Rarely,No,28,2430,23,2,6,5,2,3,3,4,4
No,32,Female,Married,2,Research & Development,Research Scientist,Travel_Rarely,No,5,5878,12,1,12,7,4,2,3,3,2
No,36,Male,Single,4,Sales,Sales Representative,Travel_Rarely,Yes,2,2644,21,0,7,3,3,4,2,4,1
No,48,Female,Divorced,4,Sales,Sales Executive,Travel_Rarely,No,16,6439,14,1,18,8,3,3,3,3,7
No,29,Male,Married,3,Research & Development,Research Scientist,Travel_Rarely,No,9,2451,18,2,5,1,3,3,2,3,0
No,33,Male,Married,4,Sales,Sales Executive,Travel_Rarely,No,8,6392,13,1,8,2,1,1,1,3,2
Yes,30,Male,Married,3,Sales,Sales Executive,Travel_Rarely,No,1,9714,11,1,10,10,2,1,3,3,6
No,38,Male,Married,4,Human Resources,Human Resources,Travel_Frequently,No,10,6077,11,0,10,6,3,3,3,3,1
No,35,Male,Single,3,Research & Development,Laboratory Technician,Travel_Rarely,No,1,2450,19,0,3,3,4,1,3,3,1
No,30,Male,Married,4,Sales,Sales Executive,Travel_Rarely,No,29,9250,12,1,9,4,3,2,3,3,1
Yes,35,Female,Divorced,3,Research & Development,Laboratory Technician,Travel_Rarely,Yes,2,2074,12,1,1,1,1,1,3,3,0
Yes,53,Female,Married,5,Research & Development,Manufacturing Director,Travel_Rarely,No,2,10169,16,1,34,33,3,4,3,3,1
Yes,38,Male,Married,3,Research & Development,Manufacturing Director,Travel_Rarely,No,2,4855,11,2,7,5,3,2,3,3,1
No,32,Male,Married,4,Research & Development,Research Scientist,Non-Travel,No,1,4087,14,1,9,6,4,1,2,3,1
No,48,Female,Married,4,Research & Development,Research Scientist,Travel_Rarely,No,15,2367,12,1,10,8,3,1,2,3,7
No,34,Male,Single,4,Research & Development,Research Scientist,Travel_Rarely,No,7,2972,13,0,1,1,1,4,1,3,0
No,55,Male,Married,5,Sales,Manager,Travel_Rarely,No,26,19586,21,1,36,36,3,4,3,4,2
No,34,Male,Married,4,Research & Development,Research Scientist,Travel_Rarely,No,1,5484,17,1,9,2,2,4,2,3,2
No,26,Female,Married,3,Research & Development,Research Scientist,Travel_Rarely,No,3,2061,21,0,1,1,1,4,3,4,0
No,38,Male,Married,3,Sales,Sales Executive,Travel_Rarely,No,14,9924,11,1,10,9,3,2,3,3,7
No,38,Female,Single,3,Sales,Sales Executive,Travel_Rarely,No,16,4198,12,0,8,3,2,2,4,3,1
No,36,Female,Single,4,Sales,Sales Executive,Travel_Rarely,No,1,6815,13,0,15,1,2,3,3,3,0
No,29,Male,Single,1,Research & Development,Laboratory Technician,Travel_Rarely,Yes,3,4723,18,0,10,10,2,1,3,3,1
No,35,Female,Single,4,Research & Development,Healthcare Representative,Travel_Rarely,Yes,10,6142,16,0,10,5,1,3,3,3,0
No,39,Male,Married,3,Sales,Sales Executive,Travel_Rarely,No,6,8237,11,1,11,7,4,3,3,3,7
No,29,Male,Divorced,1,Research & Development,Healthcare Representative,Travel_Frequently,No,2,8853,19,1,6,6,1,4,4,3,1
No,50,Male,Married,3,Sales,Manager,Travel_Rarely,Yes,9,19331,16,1,27,1,3,3,3,3,0
No,23,Male,Married,3,Research & Development,Research Scientist,Travel_Rarely,No,10,2073,16,1,4,2,4,3,3,3,2
No,36,Male,Married,4,Research & Development,Laboratory Technician,Travel_Frequently,Yes,6,5562,13,1,9,3,1,1,3,3,0
No,42,Male,Single,2,Research & Development,Manager,Travel_Rarely,No,9,19613,22,0,24,1,4,4,3,4,0
No,35,Male,Married,3,Research & Development,Laboratory Technician,Travel_Rarely,No,28,3407,17,2,10,10,2,3,2,3,6
No,34,Male,Married,4,Research & Development,Healthcare Representative,Travel_Frequently,No,10,5063,14,1,8,8,4,3,2,3,7
No,40,Female,Married,2,Sales,Sales Executive,Travel_Rarely,No,14,4639,15,1,5,5,4,1,3,3,1
No,43,Male,Divorced,3,Research & Development,Laboratory Technician,Travel_Rarely,No,27,4876,12,1,8,6,4,2,3,3,0
No,35,Male,Married,2,Research & Development,Laboratory Technician,Travel_Rarely,No,7,2690,18,1,1,1,3,4,2,3,0
No,46,Male,Single,4,Sales,Manager,Travel_Rarely,No,1,17567,15,0,27,26,4,1,1,3,0
Yes,28,Male,Married,3,Research & Development,Laboratory Technician,Travel_Rarely,Yes,24,2408,17,3,1,1,3,2,3,3,0
No,22,Female,Married,2,Research & Development,Research Scientist,Non-Travel,Yes,26,2814,14,0,4,4,2,3,2,3,1
No,50,Male,Married,5,Research & Development,Healthcare Representative,Travel_Frequently,Yes,20,11245,15,1,32,30,2,3,3,3,12
No,32,Female,Married,4,Research & Development,Research Scientist,Travel_Rarely,No,5,3312,17,2,6,3,2,4,3,3,0
No,44,Female,Divorced,3,Research & Development,Research Director,Travel_Rarely,Yes,7,19049,14,1,23,22,2,4,2,3,1
No,30,Male,Married,3,Research & Development,Research Scientist,Travel_Rarely,No,7,2141,12,1,6,6,2,2,2,3,1
No,45,Female,Single,5,Research & Development,Laboratory Technician,Travel_Rarely,Yes,5,5769,14,0,10,10,3,1,3,3,1
No,45,Male,Married,3,Sales,Sales Executive,Non-Travel,No,26,4385,15,1,10,10,1,1,3,3,4
No,31,Male,Single,4,Sales,Sales Executive,Travel_Frequently,No,2,5332,13,0,10,5,4,1,3,3,0
No,36,Female,Married,4,Research & Development,Manufacturing Director,Travel_Rarely,Yes,12,4663,12,2,7,3,3,3,3,3,1
No,34,Male,Divorced,4,Research & Development,Manufacturing Director,Travel_Frequently,No,10,4724,13,1,9,9,3,4,3,3,7
No,49,Female,Married,4,Research & Development,Laboratory Technician,Travel_Rarely,No,25,3211,14,1,10,9,3,1,2,3,1
No,39,Male,Married,5,Research & Development,Manufacturing Director,Travel_Rarely,No,10,5377,13,3,10,7,2,1,3,3,7
No,27,Male,Divorced,3,Research & Development,Laboratory Technician,Travel_Rarely,No,19,4066,11,2,7,7,4,1,3,3,0
No,35,Male,Married,5,Research & Development,Research Scientist,Travel_Rarely,No,18,5208,11,0,16,16,2,1,3,3,1
No,28,Female,Divorced,3,Research & Development,Manufacturing Director,Travel_Rarely,No,27,4877,21,1,6,5,2,1,2,4,0
No,21,Male,Single,1,Research & Development,Research Scientist,Travel_Rarely,No,5,3117,18,0,3,2,3,4,3,3,2
Yes,18,Female,Single,2,Sales,Sales Representative,Travel_Frequently,Yes,3,1569,12,0,0,0,2,4,4,3,0
No,47,Female,Married,4,Human Resources,Manager,Travel_Rarely,No,26,19658,11,1,27,5,4,3,3,3,1
No,39,Male,Divorced,2,Research & Development,Laboratory Technician,Travel_Rarely,No,3,3069,15,1,11,10,3,3,3,3,0
No,40,Female,Married,3,Research & Development,Manufacturing Director,Travel_Rarely,No,15,10435,13,2,18,18,1,3,3,3,14
No,35,Female,Married,4,Research & Development,Healthcare Representative,Non-Travel,No,8,4148,12,1,15,14,3,3,3,3,2
No,37,Male,Married,3,Research & Development,Manufacturing Director,Travel_Rarely,No,19,5768,17,3,9,4,3,3,2,3,0
No,39,Female,Single,3,Research & Development,Manufacturing Director,Travel_Frequently,No,4,5042,13,0,10,9,1,3,1,3,3
No,45,Female,Divorced,2,Research & Development,Manufacturing Director,Travel_Rarely,No,2,5770,19,2,10,10,4,4,3,3,3
No,38,Female,Married,2,Research & Development,Manufacturing Director,Travel_Rarely,Yes,2,7756,19,1,10,5,4,3,4,3,0
Yes,35,Male,Married,3,Sales,Sales Executive,Travel_Rarely,No,10,10306,17,0,15,13,4,1,3,3,6
No,37,Female,Married,3,Research & Development,Research Scientist,Travel_Rarely,No,10,3936,11,1,8,8,2,2,1,3,7
No,40,Female,Single,3,Research & Development,Manufacturing Director,Travel_Rarely,Yes,16,7945,15,0,18,4,3,4,2,3,3
No,44,Male,Married,5,Human Resources,Human Resources,Travel_Frequently,Yes,1,5743,11,0,14,10,1,4,3,3,0
No,48,Male,Married,5,Research & Development,Manager,Travel_Frequently,No,4,15202,25,1,23,2,3,4,3,4,2
Yes,35,Male,Divorced,2,Sales,Sales Executive,Travel_Rarely,Yes,15,5440,14,2,7,2,1,4,2,3,2
No,24,Female,Single,1,Research & Development,Research Scientist,Travel_Frequently,Yes,2,3760,13,0,6,6,1,4,3,3,1
No,27,Female,Married,3,Research & Development,Research Scientist,Travel_Rarely,No,8,3517,17,0,5,3,2,3,3,3,0
No,27,Male,Single,3,Research & Development,Research Scientist,Travel_Frequently,No,2,2580,13,0,6,4,4,4,2,3,1
Yes,40,Male,Single,3,Research & Development,Laboratory Technician,Travel_Rarely,Yes,7,2166,14,0,10,4,1,1,1,3,0
No,29,Male,Single,3,Sales,Sales Executive,Travel_Rarely,No,10,5869,11,0,8,5,3,3,3,3,1
No,36,Female,Married,4,Research & Development,Healthcare Representative,Travel_Rarely,No,5,8008,12,2,9,3,2,1,3,3,0
No,25,Male,Divorced,1,Research & Development,Manufacturing Director,Travel_Frequently,No,2,5206,17,2,7,7,4,3,3,3,0
No,39,Male,Married,3,Research & Development,Manufacturing Director,Travel_Rarely,No,12,5295,21,0,7,5,4,2,3,4,1
No,49,Female,Married,4,Research & Development,Research Director,Travel_Rarely,No,22,16413,16,2,27,4,1,2,3,3,1
No,50,Female,Divorced,5,Research & Development,Research Director,Travel_Rarely,No,17,13269,15,3,19,14,4,1,3,3,1
No,20,Female,Single,3,Sales,Sales Representative,Travel_Rarely,No,2,2783,19,0,2,2,3,3,3,3,2
No,34,Female,Divorced,3,Research & Development,Research Scientist,Travel_Rarely,No,3,5433,12,1,11,11,4,2,3,3,7
No,36,Male,Single,3,Research & Development,Laboratory Technician,Travel_Rarely,No,7,2013,11,0,15,4,1,2,3,3,1
No,49,Female,Married,1,Research & Development,Healthcare Representative,Travel_Rarely,Yes,6,13966,19,1,30,15,3,3,3,3,2
No,36,Female,Married,4,Research & Development,Manufacturing Director,Non-Travel,No,1,4374,15,0,4,3,4,3,3,3,1
No,36,Male,Divorced,2,Research & Development,Healthcare Representative,Travel_Rarely,No,3,6842,20,1,13,5,4,1,3,4,0
No,54,Female,Married,5,Research & Development,Manager,Travel_Rarely,No,22,17426,25,1,36,10,2,3,3,4,4
No,43,Male,Married,2,Research & Development,Research Director,Travel_Rarely,No,15,17603,24,1,14,14,3,3,3,4,6
Yes,35,Male,Single,4,Sales,Sales Executive,Travel_Frequently,Yes,12,4581,24,0,13,11,4,4,4,4,6
No,38,Male,Married,3,Research & Development,Research Scientist,Travel_Frequently,No,1,4735,15,2,19,13,4,4,4,3,2
No,29,Male,Divorced,3,Sales,Sales Executive,Travel_Rarely,Yes,5,4187,13,1,10,10,1,2,2,3,0
No,33,Male,Divorced,4,Sales,Sales Executive,Travel_Rarely,No,2,5505,14,2,6,6,4,4,3,3,0
No,32,Male,Divorced,3,Research & Development,Research Scientist,Travel_Rarely,No,2,5470,13,2,10,9,4,2,2,3,1
No,31,Female,Married,4,Sales,Sales Executive,Travel_Rarely,No,5,5476,11,2,10,10,1,4,3,3,0
No,49,Female,Divorced,3,Research & Development,Laboratory Technician,Travel_Rarely,Yes,16,2587,16,1,17,2,4,1,2,3,2
No,38,Female,Single,3,Research & Development,Laboratory Technician,Travel_Frequently,No,2,2440,22,0,4,4,4,2,3,4,3
No,47,Female,Divorced,4,Sales,Manager,Travel_Rarely,No,2,15972,14,3,29,3,2,2,3,3,1
No,49,Male,Single,3,Research & Development,Manager,Travel_Rarely,No,1,15379,14,0,23,8,3,3,3,3,0
No,41,Male,Single,2,Sales,Sales Executive,Travel_Rarely,Yes,23,7082,16,0,21,2,4,3,3,3,0
No,20,Male,Single,1,Sales,Sales Representative,Travel_Rarely,No,9,2728,11,0,2,2,4,1,3,3,0
No,33,Female,Divorced,3,Sales,Sales Executive,Non-Travel,Yes,16,5368,25,1,7,6,3,4,3,4,1
No,36,Male,Married,4,Research & Development,Healthcare Representative,Travel_Rarely,No,26,5347,14,2,10,3,1,3,2,3,0
No,44,Female,Divorced,3,Human Resources,Human Resources,Travel_Rarely,Yes,1,3195,18,3,8,2,3,4,3,3,2
Yes,23,Male,Single,1,Research & Development,Laboratory Technician,Travel_Rarely,Yes,8,3989,11,0,5,5,4,3,3,3,1
No,38,Female,Married,2,Research & Development,Laboratory Technician,Travel_Rarely,No,4,3306,19,1,7,0,4,3,2,3,0
No,53,Male,Married,4,Research & Development,Healthcare Representative,Travel_Rarely,No,24,7005,15,0,11,4,2,4,3,3,1
Yes,48,Female,Married,2,Sales,Sales Representative,Travel_Frequently,Yes,7,2655,11,2,19,9,4,3,3,3,7
Yes,32,Male,Single,4,Research & Development,Laboratory Technician,Travel_Rarely,No,2,1393,12,0,1,1,4,2,3,3,0
No,26,Male,Single,3,Research & Development,Laboratory Technician,Non-Travel,No,7,2570,20,0,7,7,4,4,3,4,5
No,55,Male,Divorced,3,Research & Development,Research Scientist,Travel_Rarely,No,22,3537,12,1,8,4,1,2,3,3,1
No,34,Male,Married,2,Research & Development,Laboratory Technician,Travel_Rarely,No,5,3986,14,1,15,15,2,4,4,3,4
No,60,Male,Divorced,4,Research & Development,Healthcare Representative,Travel_Rarely,No,1,10883,20,1,19,1,3,4,4,4,0
No,33,Male,Married,3,Research & Development,Laboratory Technician,Travel_Rarely,No,21,2028,18,3,14,14,2,2,3,3,2
No,37,Male,Divorced,4,Sales,Sales Executive,Travel_Frequently,No,1,9525,14,2,6,6,3,4,2,3,1
No,34,Female,Married,3,Research & Development,Research Scientist,Travel_Rarely,No,19,2929,12,0,10,10,2,4,3,3,8
Yes,23,Male,Divorced,3,Sales,Sales Representative,Travel_Rarely,Yes,7,2275,21,1,3,3,3,4,3,4,0
No,44,Female,Married,3,Research & Development,Healthcare Representative,Travel_Rarely,Yes,2,7879,19,1,9,8,3,4,3,3,6
No,35,Male,Single,4,Research & Development,Research Scientist,Travel_Frequently,Yes,2,4930,14,0,6,5,1,4,4,3,1
No,43,Male,Married,3,Sales,Sales Executive,Travel_Rarely,Yes,2,7847,17,1,10,10,4,4,3,3,8
No,24,Male,Married,3,Research & Development,Research Scientist,Travel_Rarely,No,9,4401,16,1,5,5,3,3,3,3,0
No,41,Male,Single,3,Sales,Sales Executive,Travel_Rarely,No,6,9241,12,0,10,10,4,3,3,3,8
No,29,Female,Married,4,Research & Development,Laboratory Technician,Travel_Rarely,No,9,2974,17,1,9,5,4,3,3,3,1
No,36,Female,Single,4,Sales,Sales Representative,Travel_Rarely,No,2,4502,15,0,17,13,3,4,2,3,6
No,45,Male,Married,1,Research & Development,Healthcare Representative,Non-Travel,No,1,10748,23,1,25,23,3,3,2,4,14
Yes,24,Male,Married,1,Human Resources,Human Resources,Travel_Rarely,No,22,1555,11,1,1,1,4,3,3,3,0
Yes,47,Male,Married,3,Sales,Sales Executive,Travel_Frequently,No,9,12936,11,0,25,23,3,3,1,3,14
No,26,Male,Married,4,Research & Development,Laboratory Technician,Travel_Rarely,No,17,2305,15,3,3,3,4,3,4,3,0
No,45,Female,Single,2,Research & Development,Research Director,Travel_Rarely,No,28,16704,11,0,21,21,4,2,3,3,8
No,32,Male,Married,3,Research & Development,Research Scientist,Travel_Frequently,No,10,3433,13,1,10,5,1,3,2,3,1
No,31,Male,Married,4,Research & Development,Laboratory Technician,Travel_Rarely,No,2,3477,14,1,6,5,2,3,4,3,0
No,41,Male,Married,3,Human Resources,Human Resources,Non-Travel,No,4,6430,19,1,10,3,3,2,3,3,1
No,40,Female,Married,2,Research & Development,Manufacturing Director,Travel_Rarely,Yes,8,6516,16,1,18,1,2,1,3,3,0
No,24,Male,Divorced,1,Research & Development,Laboratory Technician,Travel_Rarely,No,29,3907,13,3,6,6,2,1,4,3,1
No,46,Male,Single,4,Research & Development,Healthcare Representative,Travel_Rarely,No,13,5562,14,0,19,10,3,2,3,3,0
No,35,Male,Married,4,Research & Development,Manufacturing Director,Travel_Rarely,No,27,6883,16,1,17,7,4,3,3,3,0
No,30,Male,Married,1,Research & Development,Research Scientist,Travel_Rarely,No,16,2862,12,1,10,10,2,4,2,3,0
No,47,Male,Married,4,Sales,Sales Executive,Non-Travel,No,2,4978,11,1,4,1,3,2,1,3,0
No,46,Male,Divorced,3,Sales,Sales Executive,Travel_Rarely,Yes,2,10368,12,1,13,10,3,4,2,3,0
Yes,36,Male,Divorced,5,Sales,Sales Executive,Travel_Rarely,Yes,13,6134,13,3,16,2,2,1,3,3,2
Yes,32,Male,Single,2,Sales,Sales Executive,Travel_Rarely,No,1,6735,15,0,10,0,1,2,3,3,0
No,23,Female,Single,1,Research & Development,Laboratory Technician,Travel_Rarely,No,4,3295,13,0,3,3,3,2,1,3,1
No,31,Female,Single,1,Research & Development,Manufacturing Director,Travel_Frequently,No,24,5238,20,0,9,5,4,4,2,4,1
No,39,Male,Married,3,Research & Development,Laboratory Technician,Non-Travel,Yes,1,6472,15,1,9,9,4,4,3,3,5
No,32,Male,Married,3,Sales,Sales Executive,Travel_Rarely,No,19,9610,13,1,10,4,4,3,1,3,0
No,40,Male,Single,4,Sales,Manager,Travel_Rarely,No,7,19833,14,0,21,21,2,2,2,3,12
No,45,Female,Married,3,Human Resources,Human Resources,Travel_Rarely,No,4,9756,21,2,9,5,3,3,4,4,0
No,30,Female,Single,4,Research & Development,Research Scientist,Travel_Frequently,No,2,4968,16,0,10,9,4,1,3,3,0
No,24,Male,Married,3,Human Resources,Human Resources,Travel_Frequently,No,10,2145,14,1,3,2,1,4,3,3,2
Yes,30,Female,Divorced,3,Human Resources,Human Resources,Travel_Frequently,No,8,2180,11,1,6,4,3,4,2,3,1
No,31,Male,Married,3,Sales,Sales Executive,Travel_Rarely,No,5,8346,19,1,6,5,1,3,3,3,0
No,27,Female,Single,3,Research & Development,Research Scientist,Travel_Rarely,No,8,3445,11,0,6,6,3,4,2,3,1
Yes,29,Female,Single,3,Sales,Sales Representative,Travel_Rarely,No,9,2760,13,0,2,2,2,2,3,3,2
No,29,Male,Single,3,Research & Development,Healthcare Representative,Travel_Frequently,Yes,1,6294,12,0,10,3,4,3,4,3,0
No,30,Male,Divorced,2,Sales,Sales Executive,Travel_Rarely,No,15,7140,11,1,12,7,3,1,3,3,1
No,34,Male,Married,4,Research & Development,Research Scientist,Travel_Rarely,Yes,2,2932,14,3,6,5,4,4,3,3,1
No,33,Female,Single,3,Sales,Sales Executive,Non-Travel,No,2,5147,15,0,13,11,4,2,2,3,1
No,49,Female,Single,4,Sales,Sales Executive,Travel_Rarely,No,11,4507,12,0,8,5,4,4,4,3,0
Yes,33,Female,Single,3,Sales,Sales Executive,Travel_Rarely,Yes,16,8564,20,0,11,0,1,1,2,4,0
No,38,Female,Married,2,Research & Development,Laboratory Technician,Travel_Frequently,No,2,2468,14,1,9,6,3,2,2,3,0
Yes,31,Male,Married,4,Sales,Sales Executive,Travel_Rarely,No,16,8161,13,3,10,1,1,3,3,3,0
No,29,Female,Divorced,3,Research & Development,Research Scientist,Travel_Rarely,No,4,2109,13,1,1,1,4,1,3,3,0
No,30,Male,Married,3,Research & Development,Healthcare Representative,Travel_Rarely,No,16,5294,16,1,10,7,3,3,3,3,1
No,32,Male,Single,4,Research & Development,Research Scientist,Non-Travel,No,5,2718,14,0,12,7,2,2,3,3,0
No,38,Male,Married,3,Research & Development,Healthcare Representative,Travel_Rarely,Yes,18,5811,16,1,15,1,2,4,3,3,1
Yes,43,Male,Married,3,Research & Development,Research Scientist,Travel_Frequently,Yes,17,2437,16,1,6,1,3,3,3,3,0
No,42,Male,Divorced,3,Research & Development,Laboratory Technician,Travel_Rarely,No,12,2766,22,3,7,5,2,2,2,4,0
No,55,Male,Married,3,Research & Development,Research Director,Travel_Rarely,No,2,19038,12,3,34,1,3,1,3,3,0
No,33,Male,Divorced,3,Research & Development,Research Scientist,Non-Travel,No,4,3055,15,2,11,9,4,2,2,3,1
No,41,Male,Divorced,4,Research & Development,Laboratory Technician,Travel_Rarely,No,9,2289,20,2,5,5,3,1,3,4,0
No,34,Male,Divorced,3,Sales,Sales Executive,Non-Travel,Yes,10,4001,14,1,15,15,4,3,3,3,0
No,53,Female,Married,4,Research & Development,Manufacturing Director,Non-Travel,Yes,1,12965,20,3,27,3,1,3,2,4,0
No,43,Male,Single,3,Human Resources,Human Resources,Travel_Rarely,No,2,3539,13,0,10,9,2,4,3,3,1
No,34,Female,Single,2,Sales,Sales Executive,Travel_Rarely,No,3,6029,12,0,6,2,4,4,3,3,2
Yes,21,Male,Single,1,Sales,Sales Representative,Travel_Rarely,No,7,2679,13,0,1,1,2,2,3,3,1
No,38,Female,Married,2,Research & Development,Laboratory Technician,Travel_Rarely,No,6,3702,11,1,5,5,4,3,3,3,0
Yes,22,Female,Married,1,Research & Development,Laboratory Technician,Travel_Rarely,Yes,8,2398,17,0,1,1,3,1,3,3,0
No,31,Female,Married,4,Sales,Sales Executive,Travel_Rarely,No,29,5468,14,2,13,12,1,4,3,3,5
No,51,Female,Married,3,Research & Development,Manager,Travel_Rarely,No,3,13116,11,0,15,2,1,3,3,3,2
No,37,Male,Married,2,Sales,Sales Executive,Travel_Rarely,No,9,4189,14,2,5,5,2,2,3,3,0
No,46,Male,Divorced,4,Research & Development,Research Director,Travel_Rarely,Yes,2,19328,17,1,24,2,3,4,3,3,2
No,36,Male,Married,3,Research & Development,Healthcare Representative,Travel_Rarely,Yes,10,8321,13,1,15,12,4,1,3,3,5
Yes,44,Male,Divorced,2,Research & Development,Research Scientist,Travel_Frequently,Yes,1,2342,12,3,6,5,3,2,2,3,2
No,37,Male,Divorced,2,Human Resources,Human Resources,Travel_Rarely,No,8,4071,13,0,19,10,3,2,2,3,4
Yes,35,Male,Single,3,Sales,Sales Executive,Travel_Rarely,Yes,27,5813,18,0,10,10,3,4,3,3,7
No,33,Male,Married,4,Research & Development,Research Scientist,Travel_Rarely,No,8,3143,19,1,14,10,4,1,3,3,7
No,28,Male,Married,3,Research & Development,Research Scientist,Travel_Rarely,No,1,2044,11,1,5,5,3,4,4,3,0
No,39,Male,Single,1,Research & Development,Research Director,Travel_Rarely,No,10,13464,21,0,9,4,3,3,3,4,2
No,46,Male,Single,2,Sales,Sales Executive,Non-Travel,No,26,7991,15,0,6,2,2,2,3,3,2
No,40,Female,Married,2,Research & Development,Laboratory Technician,Travel_Rarely,No,2,3377,17,1,7,4,3,1,2,3,0
No,42,Male,Married,3,Research & Development,Healthcare Representative,Travel_Rarely,No,13,5538,18,2,10,0,2,1,2,3,0
No,35,Male,Divorced,2,Research & Development,Manufacturing Director,Non-Travel,No,2,5762,14,1,15,7,2,4,3,3,1
No,38,Male,Divorced,3,Human Resources,Human Resources,Non-Travel,No,2,2592,13,3,13,11,1,2,3,3,3
Yes,34,Male,Married,4,Research & Development,Laboratory Technician,Travel_Frequently,No,9,5346,17,1,11,7,4,1,2,3,0
Yes,37,Male,Single,4,Research & Development,Manufacturing Director,Travel_Rarely,No,10,4213,15,0,10,10,4,1,1,3,0
No,39,Male,Divorced,3,Sales,Sales Executive,Travel_Frequently,No,20,4127,18,1,7,2,3,4,3,3,2
No,43,Male,Single,3,Research & Development,Research Scientist,Non-Travel,No,9,2438,13,0,7,3,1,3,2,3,1
No,41,Male,Single,3,Research & Development,Healthcare Representative,Travel_Rarely,No,5,6870,12,0,11,3,2,2,1,3,1
No,41,Female,Divorced,1,Sales,Sales Executive,Travel_Rarely,Yes,4,10447,13,1,23,22,3,3,4,3,13
No,30,Female,Single,3,Research & Development,Manufacturing Director,Travel_Rarely,No,10,9667,14,0,9,7,1,3,3,3,0
Yes,26,Female,Married,2,Human Resources,Human Resources,Travel_Rarely,Yes,20,2148,11,0,6,5,4,2,3,3,1
Yes,46,Female,Married,2,Research & Development,Healthcare Representative,Travel_Rarely,No,21,8926,22,1,13,9,4,2,4,4,3
No,40,Female,Divorced,3,Research & Development,Healthcare Representative,Travel_Rarely,No,1,6513,17,1,12,5,3,4,3,3,0
No,34,Male,Married,2,Sales,Sales Executive,Travel_Rarely,No,8,6799,21,2,10,10,2,3,3,4,4
No,58,Male,Divorced,3,Sales,Manager,Non-Travel,No,2,16291,22,1,37,16,2,2,2,4,14
No,35,Male,Married,4,Research & Development,Laboratory Technician,Travel_Rarely,No,23,2705,16,1,6,5,2,3,4,3,0
No,47,Female,Divorced,3,Research & Development,Manufacturing Director,Travel_Rarely,Yes,4,10333,12,1,28,22,3,2,3,3,14
No,40,Female,Divorced,3,Research & Development,Healthcare Representative,Travel_Rarely,No,12,4448,12,1,15,7,2,1,3,3,7
No,54,Female,Married,4,Research & Development,Research Scientist,Travel_Rarely,No,7,6854,15,1,14,7,4,4,2,3,1
No,31,Female,Married,4,Sales,Sales Executive,Travel_Frequently,No,7,9637,14,2,9,3,1,1,3,3,2
No,28,Female,Married,3,Research & Development,Research Scientist,Travel_Rarely,No,1,3591,25,1,3,3,3,1,3,4,1
No,38,Female,Married,4,Sales,Sales Representative,Travel_Rarely,Yes,2,5405,20,2,20,4,2,4,2,4,0
No,26,Male,Single,3,Sales,Sales Executive,Travel_Rarely,No,10,4684,13,0,5,5,3,4,3,3,1
No,58,Male,Married,4,Research & Development,Research Director,Travel_Frequently,Yes,15,15787,14,0,23,2,1,3,3,3,2
No,18,Female,Single,3,Research & Development,Research Scientist,Non-Travel,No,14,1514,16,0,0,0,2,3,1,3,0
Yes,31,Male,Married,5,Human Resources,Human Resources,Travel_Rarely,No,18,2956,17,0,2,1,4,1,3,3,0
Yes,29,Male,Divorced,3,Human Resources,Human Resources,Travel_Rarely,Yes,13,2335,15,3,4,2,1,1,3,3,2
No,45,Female,Married,4,Sales,Sales Executive,Non-Travel,No,2,5154,22,2,10,8,3,3,4,4,5
No,36,Female,Married,4,Research & Development,Research Scientist,Travel_Rarely,Yes,2,6962,22,1,15,1,4,2,3,4,0
No,43,Male,Married,4,Sales,Sales Executive,Travel_Frequently,No,2,5675,20,1,7,7,1,4,3,4,7
No,27,Female,Single,2,Research & Development,Laboratory Technician,Travel_Frequently,Yes,5,2379,14,0,6,5,4,4,2,3,0
No,29,Male,Married,1,Research & Development,Laboratory Technician,Travel_Frequently,No,20,3812,13,0,11,11,4,4,4,3,3
No,32,Male,Single,4,Sales,Sales Executive,Travel_Frequently,No,10,4648,13,0,4,0,4,4,4,3,0
No,42,Male,Married,4,Research & Development,Research Scientist,Non-Travel,No,10,2936,22,2,10,6,3,3,2,4,3
No,47,Female,Single,4,Research & Development,Laboratory Technician,Travel_Rarely,No,9,2105,12,0,7,2,2,3,3,3,2
No,46,Male,Divorced,2,Research & Development,Manufacturing Director,Travel_Rarely,No,2,8578,14,1,12,9,4,4,2,3,4
No,28,Male,Divorced,2,Human Resources,Human Resources,Non-Travel,No,1,2706,15,1,3,3,3,4,3,3,2
No,29,Male,Divorced,1,Research & Development,Healthcare Representative,Travel_Rarely,No,29,6384,17,2,11,7,4,3,3,3,1
No,42,Male,Single,3,Research & Development,Laboratory Technician,Travel_Rarely,No,8,3968,13,0,8,0,4,3,3,3,0
Yes,32,Male,Single,4,Sales,Sales Executive,Travel_Rarely,Yes,2,9907,12,0,7,2,3,2,2,3,2
No,46,Female,Divorced,3,Sales,Sales Executive,Travel_Rarely,No,3,13225,12,1,25,19,1,1,3,3,2
No,27,Female,Married,1,Sales,Sales Representative,Travel_Rarely,No,23,3540,21,1,9,9,2,3,3,4,5
No,29,Male,Married,1,Human Resources,Human Resources,Travel_Rarely,No,6,2804,11,0,1,1,4,2,3,3,0
No,43,Female,Married,3,Research & Development,Manager,Travel_Rarely,No,6,19392,13,0,21,16,1,3,3,3,6
No,48,Male,Married,3,Research & Development,Research Director,Travel_Rarely,No,10,19665,12,0,29,22,4,2,3,3,12
Yes,29,Male,Single,2,Research & Development,Research Scientist,Travel_Frequently,Yes,24,2439,24,0,1,1,4,4,2,4,1
Yes,46,Female,Married,3,Sales,Sales Executive,Travel_Rarely,No,10,7314,21,3,14,8,3,2,3,4,0
No,27,Female,Married,3,Research & Development,Research Scientist,Travel_Frequently,No,15,4774,19,1,8,7,4,1,2,3,7
No,39,Male,Divorced,4,Research & Development,Research Scientist,Travel_Rarely,No,19,3902,14,3,7,2,4,4,3,3,2
No,55,Male,Married,4,Research & Development,Research Scientist,Travel_Rarely,No,2,2662,20,1,19,5,2,4,4,4,0
No,28,Female,Married,3,Sales,Sales Representative,Travel_Rarely,No,3,2856,19,1,1,1,2,2,3,3,0
Yes,30,Male,Single,3,Sales,Sales Representative,Travel_Rarely,No,9,1081,13,0,1,1,2,4,2,3,0
Yes,22,Male,Single,1,Research & Development,Research Scientist,Travel_Rarely,Yes,7,2472,23,0,1,1,4,2,3,4,0
No,36,Female,Married,4,Sales,Sales Executive,Travel_Rarely,Yes,10,5673,13,1,10,10,2,3,3,3,1
No,31,Male,Divorced,3,Research & Development,Laboratory Technician,Travel_Rarely,No,20,4197,11,1,10,10,2,3,3,3,0
No,34,Male,Married,3,Sales,Sales Executive,Travel_Rarely,Yes,4,9713,13,3,9,5,3,4,3,3,1
No,29,Male,Single,3,Research & Development,Laboratory Technician,Travel_Rarely,No,7,2062,14,0,11,3,4,1,3,3,1
No,37,Male,Married,4,Research & Development,Research Scientist,Travel_Rarely,Yes,7,4284,22,1,16,5,4,1,3,4,0
No,35,Female,Married,2,Research & Development,Manufacturing Director,Travel_Rarely,Yes,16,4788,11,0,4,3,4,2,3,3,0
No,45,Female,Married,2,Research & Development,Manufacturing Director,Travel_Rarely,No,25,5906,13,2,10,9,2,4,2,3,3
No,36,Male,Single,1,Human Resources,Human Resources,Travel_Frequently,No,2,3886,21,0,10,10,2,4,2,4,0
No,40,Male,Divorced,4,Research & Development,Manager,Travel_Rarely,No,1,16823,11,1,22,19,1,1,3,3,11
No,26,Female,Married,2,Research & Development,Research Scientist,Travel_Rarely,Yes,1,2933,13,1,1,1,2,3,2,3,1
No,27,Female,Single,2,Sales,Sales Executive,Travel_Rarely,No,2,6500,14,0,9,8,1,3,2,3,0
No,48,Female,Divorced,3,Research & Development,Manager,Travel_Frequently,No,22,17174,11,1,24,22,4,4,3,3,4
No,44,Male,Married,4,Research & Development,Healthcare Representative,Travel_Rarely,No,1,5033,15,1,10,2,2,1,3,3,2
Yes,34,Male,Married,4,Research & Development,Research Scientist,Non-Travel,Yes,16,2307,23,1,5,5,4,1,3,4,3
Yes,56,Male,Single,2,Research & Development,Laboratory Technician,Travel_Rarely,No,24,2587,16,0,5,4,1,4,3,3,1
No,36,Male,Married,2,Sales,Sales Executive,Travel_Rarely,No,17,5507,16,2,12,4,3,2,1,3,1
No,41,Female,Married,3,Sales,Sales Executive,Travel_Rarely,No,8,4393,21,1,14,5,3,2,3,4,1
No,42,Male,Married,3,Research & Development,Research Director,Travel_Rarely,No,6,13348,13,1,18,13,3,1,4,3,5
No,31,Female,Divorced,2,Sales,Sales Executive,Travel_Rarely,Yes,10,6583,11,1,8,5,3,4,3,3,1
No,34,Female,Married,1,Sales,Sales Executive,Travel_Rarely,Yes,3,8103,12,0,9,4,4,4,2,3,0
No,31,Female,Divorced,3,Research & Development,Laboratory Technician,Travel_Rarely,No,4,3978,12,1,4,2,1,3,2,3,2
No,26,Male,Married,3,Research & Development,Laboratory Technician,Travel_Frequently,No,6,2544,18,1,8,7,3,4,3,3,7
No,45,Male,Single,4,Research & Development,Healthcare Representative,Travel_Frequently,No,1,5399,12,0,12,4,2,3,3,3,0
No,33,Male,Single,4,Sales,Sales Executive,Travel_Rarely,No,10,5487,14,0,10,10,2,3,2,3,0
No,28,Male,Married,2,Sales,Sales Executive,Travel_Frequently,Yes,1,6834,12,1,7,7,3,4,3,3,0
Yes,29,Male,Single,3,Sales,Sales Representative,Travel_Frequently,No,24,1091,17,0,1,1,3,1,3,3,0
No,39,Female,Married,4,Sales,Sales Executive,Non-Travel,No,21,5736,19,1,10,3,1,3,3,3,1
No,27,Male,Married,4,Research & Development,Research Scientist,Travel_Rarely,No,2,2226,11,1,6,5,2,2,2,3,1
No,34,Male,Married,4,Research & Development,Research Scientist,Travel_Frequently,Yes,22,5747,15,0,16,15,3,4,3,3,6
Yes,28,Female,Single,2,Sales,Sales Executive,Travel_Rarely,Yes,13,9854,11,0,6,2,4,3,3,3,2
No,47,Male,Married,4,Research & Development,Research Scientist,Non-Travel,No,14,5467,18,1,16,8,3,2,4,3,1
No,56,Female,Married,5,Sales,Sales Executive,Travel_Rarely,No,11,5380,16,1,6,0,4,1,3,3,0
No,39,Male,Married,2,Research & Development,Manufacturing Director,Travel_Rarely,No,9,5151,25,1,10,10,1,1,3,4,7
No,38,Female,Divorced,3,Research & Development,Research Scientist,Travel_Frequently,Yes,8,2133,16,1,20,20,4,2,3,3,0
No,58,Female,Married,3,Sales,Manager,Travel_Rarely,Yes,21,17875,13,1,29,1,4,4,2,3,0
Yes,32,Female,Single,2,Research & Development,Research Scientist,Travel_Frequently,Yes,5,2432,14,0,8,4,1,3,3,3,0
No,38,Male,Divorced,2,Research & Development,Research Scientist,Travel_Rarely,No,9,4771,19,2,10,5,2,4,4,3,0
No,49,Male,Married,1,Research & Development,Research Director,Travel_Frequently,No,2,19161,15,0,28,5,2,4,3,3,4
No,42,Male,Divorced,4,Sales,Sales Executive,Travel_Rarely,Yes,12,5087,12,2,14,0,2,4,3,3,0
Yes,27,Female,Married,3,Human Resources,Human Resources,Travel_Frequently,No,22,2863,12,0,1,1,1,2,3,3,0
No,35,Male,Married,4,Sales,Sales Executive,Travel_Rarely,No,18,5561,16,1,6,5,2,1,1,3,0
No,28,Male,Single,3,Research & Development,Research Scientist,Non-Travel,No,16,2144,14,0,5,5,3,3,2,3,1
No,31,Male,Divorced,2,Research & Development,Research Scientist,Non-Travel,Yes,3,3065,13,1,4,4,3,1,4,3,2
No,36,Male,Married,4,Research & Development,Laboratory Technician,Non-Travel,No,9,2810,22,0,5,5,1,2,3,4,0
No,34,Male,Single,3,Sales,Sales Executive,Travel_Rarely,No,1,9888,21,0,14,14,1,4,2,4,2
No,34,Male,Divorced,4,Sales,Sales Executive,Travel_Rarely,No,13,8628,18,1,9,8,4,3,2,3,1
No,26,Male,Single,3,Research & Development,Laboratory Technician,Travel_Rarely,No,1,2867,13,0,8,7,3,1,2,3,7
No,29,Male,Married,3,Research & Development,Healthcare Representative,Travel_Rarely,No,1,5373,12,1,6,5,1,1,2,3,0
No,32,Female,Divorced,4,Research & Development,Healthcare Representative,Non-Travel,No,15,6667,18,1,9,5,3,4,3,3,1
No,31,Male,Married,3,Research & Development,Research Scientist,Travel_Frequently,No,1,5003,21,0,10,10,4,1,3,4,8
Yes,28,Male,Divorced,3,Research & Development,Laboratory Technician,Travel_Rarely,No,17,2367,12,1,6,4,3,4,2,3,0
No,38,Male,Single,3,Sales,Sales Representative,Travel_Rarely,No,1,2858,14,0,20,1,1,1,2,3,0
No,35,Female,Married,4,Sales,Sales Executive,Travel_Rarely,Yes,7,5204,11,0,10,10,3,4,3,3,0
No,27,Male,Single,3,Sales,Sales Executive,Travel_Rarely,No,9,4105,14,0,7,7,4,4,3,3,0
No,32,Male,Single,4,Research & Development,Manufacturing Director,Travel_Rarely,No,5,9679,24,0,8,1,4,4,3,4,0
Yes,31,Male,Married,4,Sales,Sales Executive,Travel_Frequently,Yes,26,5617,11,0,10,10,1,4,3,3,0
Yes,53,Male,Single,4,Sales,Sales Executive,Travel_Rarely,Yes,24,10448,13,0,15,2,1,1,2,3,2
No,54,Female,Married,2,Research & Development,Research Scientist,Travel_Rarely,No,9,2897,11,2,9,4,1,3,2,3,2
No,33,Male,Divorced,2,Research & Development,Healthcare Representative,Travel_Frequently,No,7,5968,20,3,9,9,4,3,3,4,2
No,43,Male,Married,3,Research & Development,Healthcare Representative,Travel_Rarely,No,11,7510,17,1,10,10,1,3,3,3,0
No,38,Male,Married,4,Human Resources,Human Resources,Travel_Frequently,Yes,1,2991,11,1,7,6,4,2,3,3,1
No,55,Male,Married,4,Human Resources,Manager,Travel_Rarely,Yes,26,19636,18,1,35,10,3,2,3,3,1
No,31,Female,Divorced,1,Research & Development,Laboratory Technician,Travel_Rarely,Yes,2,1129,11,3,1,1,4,4,3,3,0
No,39,Male,Single,4,Sales,Sales Executive,Travel_Rarely,No,15,13341,12,0,21,20,2,1,3,3,11
No,42,Male,Single,2,Research & Development,Research Scientist,Non-Travel,No,23,4332,12,0,20,20,4,3,3,3,3
No,31,Female,Married,3,Research & Development,Research Director,Non-Travel,No,10,11031,20,1,13,11,3,3,4,4,4
No,54,Female,Single,3,Research & Development,Manufacturing Director,Travel_Rarely,Yes,10,4440,19,0,9,5,3,1,3,3,1
No,24,Male,Single,2,Research & Development,Healthcare Representative,Travel_Rarely,No,1,4617,12,0,4,4,2,3,2,3,1
No,23,Male,Single,2,Research & Development,Laboratory Technician,Travel_Rarely,No,12,2647,13,0,5,5,4,4,4,3,1
No,40,Female,Married,3,Research & Development,Laboratory Technician,Travel_Frequently,No,11,6323,11,1,10,10,4,3,4,3,9
No,40,Female,Married,2,Sales,Sales Executive,Travel_Rarely,No,2,5677,14,1,15,11,2,2,3,3,5
No,25,Female,Married,3,Human Resources,Human Resources,Travel_Rarely,No,2,2187,14,0,6,2,3,2,3,3,1
No,30,Male,Married,2,Research & Development,Laboratory Technician,Travel_Rarely,No,1,3748,13,0,12,12,4,2,2,3,1
No,25,Male,Divorced,1,Research & Development,Laboratory Technician,Travel_Rarely,Yes,2,3977,19,1,7,2,4,3,2,3,0
No,47,Male,Single,3,Research & Development,Healthcare Representative,Travel_Rarely,No,25,8633,23,0,25,17,1,3,3,4,12
No,33,Male,Divorced,2,Research & Development,Laboratory Technician,Non-Travel,No,1,2008,12,3,1,1,2,3,2,3,0
No,38,Male,Married,4,Sales,Sales Executive,Travel_Rarely,No,1,4440,15,2,16,15,4,2,3,3,5
No,31,Male,Married,2,Sales,Sales Representative,Travel_Rarely,No,2,3067,19,1,3,2,1,3,3,3,1
No,38,Male,Married,4,Research & Development,Manufacturing Director,Travel_Frequently,No,6,5321,11,1,10,8,1,3,3,3,7
No,42,Male,Divorced,4,Research & Development,Research Scientist,Travel_Rarely,Yes,18,5410,17,1,9,4,4,1,2,3,1
No,41,Male,Married,3,Research & Development,Research Scientist,Travel_Rarely,No,1,2782,22,1,12,5,4,4,3,4,1
No,47,Female,Married,1,Research & Development,Research Director,Non-Travel,No,1,11957,18,2,14,13,3,2,1,3,5
No,35,Male,Married,4,Research & Development,Laboratory Technician,Travel_Rarely,Yes,11,2660,11,1,5,2,4,3,3,3,2
No,22,Male,Single,2,Research & Development,Research Scientist,Travel_Rarely,No,1,3375,12,0,4,3,4,3,4,3,1
No,35,Male,Single,4,Research & Development,Research Scientist,Travel_Rarely,No,9,5098,19,0,10,10,2,3,3,3,0
No,33,Female,Married,2,Research & Development,Healthcare Representative,Travel_Rarely,Yes,15,4878,13,1,10,9,2,4,3,3,8
No,32,Female,Single,4,Research & Development,Laboratory Technician,Travel_Rarely,No,29,2837,13,0,6,6,3,2,3,3,4
No,40,Male,Married,4,Research & Development,Laboratory Technician,Travel_Rarely,No,1,2406,19,2,8,1,1,4,2,3,0
No,32,Male,Married,4,Sales,Sales Representative,Travel_Rarely,No,1,2269,14,1,3,2,2,2,3,3,2
No,39,Male,Single,1,Research & Development,Research Scientist,Travel_Rarely,No,24,4108,13,0,18,7,1,4,3,3,1
No,38,Female,Married,3,Research & Development,Research Director,Travel_Rarely,No,10,13206,12,1,20,18,2,3,3,3,1
No,32,Female,Married,4,Sales,Sales Executive,Travel_Rarely,No,1,10422,19,2,14,14,3,4,3,3,5
No,37,Female,Married,3,Research & Development,Research Director,Travel_Rarely,Yes,10,13744,25,1,16,16,3,4,3,4,6
No,25,Female,Divorced,2,Sales,Sales Executive,Travel_Rarely,Yes,8,4907,22,1,6,5,1,3,2,4,0
No,52,Male,Divorced,4,Sales,Sales Representative,Non-Travel,No,29,3482,15,2,16,9,1,4,2,3,0
No,44,Male,Single,3,Research & Development,Research Scientist,Travel_Rarely,Yes,1,2436,12,0,6,4,2,4,3,3,1
No,21,Male,Single,1,Sales,Sales Representative,Travel_Rarely,Yes,5,2380,11,0,2,2,3,1,3,3,1
No,39,Male,Single,3,Research & Development,Manager,Non-Travel,No,9,19431,13,0,21,6,4,4,2,3,1
Yes,23,Male,Married,3,Sales,Sales Representative,Travel_Frequently,No,9,1790,19,1,1,1,4,1,2,3,1
No,36,Female,Married,3,Sales,Sales Executive,Travel_Rarely,No,3,7644,19,2,10,9,1,4,3,3,3
No,36,Female,Divorced,2,Research & Development,Manufacturing Director,Travel_Frequently,No,4,5131,13,3,18,4,4,2,3,3,0
No,56,Male,Divorced,4,Research & Development,Healthcare Representative,Non-Travel,No,1,6306,21,1,13,13,3,3,2,4,1
Yes,29,Male,Married,4,Research & Development,Research Scientist,Travel_Rarely,Yes,1,4787,14,3,4,2,1,4,4,3,2
No,42,Male,Married,3,Research & Development,Manager,Travel_Rarely,No,2,18880,11,0,24,22,1,3,2,3,4
Yes,56,Male,Married,2,Research & Development,Laboratory Technician,Travel_Rarely,No,7,2339,11,1,14,10,4,3,1,3,9
No,41,Female,Married,4,Research & Development,Manufacturing Director,Travel_Rarely,No,28,13570,23,1,21,20,1,2,3,4,0
No,34,Female,Married,3,Sales,Sales Executive,Travel_Rarely,No,28,6712,21,2,8,8,4,3,3,4,1
No,36,Male,Divorced,4,Sales,Sales Executive,Non-Travel,No,15,5406,24,1,15,15,4,4,2,4,11
No,41,Male,Divorced,3,Sales,Sales Executive,Travel_Rarely,No,3,8938,11,1,14,5,3,2,3,3,0
No,32,Male,Single,3,Research & Development,Research Scientist,Travel_Rarely,No,2,2439,14,0,4,4,4,1,3,3,1
No,35,Female,Single,4,Human Resources,Human Resources,Travel_Rarely,Yes,26,8837,16,0,9,9,3,4,3,3,1
No,38,Female,Married,2,Sales,Sales Executive,Travel_Rarely,No,10,5343,11,1,10,10,1,4,3,3,1
Yes,50,Male,Divorced,4,Sales,Sales Executive,Travel_Frequently,No,1,6728,12,2,12,6,2,3,3,3,0
No,36,Female,Married,4,Sales,Sales Executive,Travel_Rarely,No,11,6652,13,1,8,6,2,4,2,3,0
No,45,Female,Single,3,Sales,Sales Executive,Travel_Rarely,No,20,4850,15,0,8,5,4,3,3,3,0
No,40,Male,Single,4,Research & Development,Research Scientist,Travel_Rarely,No,2,2809,14,0,8,2,3,3,3,3,2
No,35,Male,Married,4,Research & Development,Healthcare Representative,Travel_Frequently,Yes,18,5689,14,2,10,10,3,3,4,3,0
No,40,Female,Married,4,Research & Development,Research Scientist,Travel_Rarely,No,2,2001,14,3,20,5,3,3,3,3,0
No,35,Female,Married,4,Research & Development,Research Scientist,Travel_Rarely,No,1,2977,12,1,4,4,3,4,3,3,1
No,29,Male,Married,2,Research & Development,Laboratory Technician,Travel_Rarely,Yes,13,4025,13,1,10,4,4,2,3,3,0
No,29,Female,Single,4,Research & Development,Research Scientist,Travel_Rarely,No,28,3785,14,0,5,5,4,1,1,3,0
Yes,50,Male,Divorced,3,Sales,Sales Executive,Travel_Rarely,Yes,28,10854,13,1,20,3,4,1,3,3,2
No,39,Female,Married,1,Sales,Sales Executive,Travel_Rarely,No,24,12031,11,1,21,20,2,4,2,3,9
No,31,Male,Single,3,Research & Development,Manufacturing Director,Non-Travel,No,5,9936,19,0,10,9,2,1,3,3,1
No,26,Female,Single,3,Sales,Sales Representative,Travel_Rarely,No,5,2966,18,0,5,4,4,3,3,3,0
No,36,Male,Married,2,Research & Development,Laboratory Technician,Travel_Frequently,No,23,2571,17,1,17,5,3,4,3,3,0
No,39,Male,Married,1,Research & Development,Healthcare Representative,Travel_Rarely,No,6,9991,15,1,9,7,4,1,3,3,1
No,27,Male,Married,3,Research & Development,Manufacturing Director,Travel_Rarely,Yes,4,6142,20,1,6,6,2,2,3,4,0
No,49,Male,Married,3,Sales,Sales Executive,Travel_Frequently,No,2,5390,14,0,17,9,4,2,2,3,0
No,34,Male,Married,3,Research & Development,Laboratory Technician,Travel_Rarely,No,8,4404,12,0,6,4,2,3,4,3,1
